Linear Search,,,
,,,
Range , Time Taken,,
0,0,,
1000,6.10E-05,,
2000,1.47E-05,,
3000,1.55E-05,,
4000,1.71E-05,,
5000,3.36E-05,,
6000,3.06E-05,,
7000,3.64E-05,,
8000,3.88E-05,,
9000,4.36E-05,,
10000,6.51E-05,,
11000,4.93E-05,,
12000,6.59E-05,,
13000,7.47E-05,,
14000,5.94E-05,,
15000,6.63E-05,,
16000,7.52E-05,,
17000,8.47E-05,,
18000,7.98E-05,,
19000,8.26E-05,,
20000,8.79E-05,,
21000,9.93E-05,,
22000,9.43E-05,,
23000,0.000100821,,
24000,0.000121954,,
25000,0.000113453,,
26000,0.000117529,,
27000,0.000103074,,
28000,0.000103472,,
29000,0.000107807,,
30000,0.000111234,,
31000,0.000105907,,
32000,0.000133837,,
33000,0.000144422,,
34000,0.000151433,,
35000,0.000138521,,
36000,0.000162654,,
37000,0.000160955,,
38000,0.000377526,,
39000,0.00015934,,
40000,0.000146281,,
41000,0.000156562,,
42000,0.000130161,,
43000,0.000167039,,
44000,0.000144066,,
45000,0.000161657,,
46000,0.00019122,,
47000,0.000168665,,
48000,0.000179881,,
49000,0.000222024,,
50000,0.000183337,,
51000,0.000195335,,
52000,0.000194972,,
53000,0.000203874,,
54000,0.000178638,,
55000,0.000185683,,
56000,0.00019629,,
57000,0.000213071,,
58000,0.000211302,,
59000,0.000757629,,
60000,0.000208196,,
61000,0.000277305,,
62000,0.000217144,,
63000,0.000240961,,
64000,0.000250267,,
65000,0.000217024,,
66000,0.00021804,,
67000,0.000495298,,
68000,0.000248191,,
69000,0.000280567,,
70000,0.000274801,,
71000,0.000305441,,
72000,0.000321062,,
73000,0.00036437,,
74000,0.000265247,,
75000,0.000267916,,
76000,0.000236324,,
77000,0.000263104,,
78000,0.00026206,,
79000,0.000251176,,
80000,0.000305858,,
81000,0.000637836,,
82000,0.000366158,,
83000,0.000350563,,
84000,0.000451659,,
85000,0.0003031,,
86000,0.000581699,,
87000,0.000320475,,
88000,0.000319455,,
89000,0.000330676,,
90000,0.000314437,,
91000,0.000422674,,
92000,0.000336823,,
93000,0.000303034,,
94000,0.000640665,,
95000,0.000354617,,
96000,0.000343925,,
97000,0.000346643,,
98000,0.000409682,,
99000,0.000531065,,
100000,0.000411109,,
101000,0.000360924,,
102000,0.000380763,,
103000,0.000692562,,
104000,0.000426559,,
105000,0.000446445,,
106000,0.000392153,,
107000,0.00041277,,
108000,0.000493825,,
109000,0.000445154,,
110000,0.000418817,,
111000,0.000420201,,
112000,0.000394865,,
113000,0.000447912,,
114000,0.00042669,,
115000,0.000407034,,
116000,0.00044754,,
117000,0.000405546,,
118000,0.000492921,,
119000,0.000492973,,
120000,0.000490038,,
121000,0.000533566,,
122000,0.000655322,,
123000,0.000468313,,
124000,0.000443326,,
125000,0.000445433,,
126000,0.000680281,,
127000,0.00049371,,
128000,0.000511037,,
129000,0.000606649,,
130000,0.000373241,,
131000,0.000501834,,
132000,0.000471988,,
133000,0.000490026,,
134000,0.000443496,,
135000,0.000494342,,
136000,0.0004476,,
137000,0.000492611,,
138000,0.000536603,,
139000,0.000571583,,
140000,0.000528054,,
141000,0.000676939,,
142000,0.000560232,,
143000,0.000542318,,
144000,0.000556374,,
145000,0.000629632,,
146000,0.00055518,,
147000,0.000442587,,
148000,0.000456331,,
149000,0.000783781,,
150000,0.00048398,,
151000,0.000482569,,
152000,0.000679076,,
153000,0.000553581,,
154000,0.000538281,,
155000,0.000519799,,
156000,0.000522749,,
157000,0.000635098,,
158000,0.000642787,,
159000,0.0157473,,
160000,0.000479351,,
161000,0.000552242,,
162000,0.000638834,,
163000,0.000582686,,
164000,0.000616056,,
165000,0.000886195,,
166000,0.00067819,,
167000,0.000674697,,
168000,0.000520501,,
169000,0.000713495,,
170000,0.000694796,,
171000,0.000766888,,
172000,0.000703839,,
173000,0.000710992,,
174000,0.0007052,,
175000,0.000680131,,
176000,0.000665907,,
177000,0.000715835,,
178000,0.000771946,,
179000,0.000646773,,
180000,0.000652994,,
181000,0.000606896,,
182000,0.000734595,,
183000,0.000618224,,
184000,0.000659769,,
185000,0.000678518,,
186000,0.000595662,,
187000,0.000633958,,
188000,0.000609053,,
189000,0.000642093,,
190000,0.000982283,,
191000,0.000656888,,
192000,0.000564037,,
193000,0.000602075,,
194000,0.000544499,,
195000,0.000569161,,
196000,0.000545994,,
197000,0.00421309,,
198000,0.000704342,,
199000,0.000529994,,
200000,0.000655741,,
201000,0.000625769,,
202000,0.000656134,,
203000,0.000640577,,
204000,0.000700698,,
205000,0.00058451,,
206000,0.000609557,,
207000,0.000596361,,
208000,0.000596877,,
209000,0.00059578,,
210000,0.000627632,,
211000,0.000712606,,
212000,0.000649213,,
213000,0.000680797,,
214000,0.000746398,,
215000,0.000704334,,
216000,0.000855257,,
217000,0.000810269,,
218000,0.000816398,,
219000,0.000761826,,
220000,0.000712166,,
221000,0.000978808,,
222000,0.000801532,,
223000,0.000772644,,
224000,0.000810015,,
225000,0.000745349,,
226000,0.0520738,,
227000,0.000769492,,
228000,0.000632891,,
229000,0.00061,,
230000,0.000876018,,
231000,0.000691067,,
232000,0.000838007,,
233000,0.00114244,,
234000,0.00384726,,
235000,0.000747371,,
236000,0.000807387,,
237000,0.00120093,,
238000,0.000766517,,
239000,0.00077588,,
240000,0.000907295,,
241000,0.000718712,,
242000,0.000705064,,
243000,0.000958995,,
244000,0.000755367,,
245000,0.000815177,,
246000,0.000779713,,
247000,0.000800997,,
248000,0.00074247,,
249000,0.00100558,,
250000,0.000823129,,
251000,0.000843118,,
252000,0.00105859,,
253000,0.000819676,,
254000,0.0008594,,
255000,0.000931497,,
256000,0.000843954,,
257000,0.000843647,,
258000,0.000826774,,
259000,0.00097703,,
260000,0.00092231,,
261000,0.00103341,,
262000,0.00101891,,
263000,0.0011132,,
264000,0.00109307,,
265000,0.00110945,,
266000,0.00101915,,
267000,0.00108608,,
268000,0.00104356,,
269000,0.000980727,,
270000,0.000946324,,
271000,0.00108778,,
272000,0.00136846,,
273000,0.000876901,,
274000,0.00100977,,
275000,0.00358838,,
276000,0.000992099,,
277000,0.000964025,,
278000,0.00113918,,
279000,0.00116924,,
280000,0.00111128,,
281000,0.0450657,,
282000,0.000984832,,
283000,0.00104222,,
284000,0.00111561,,
285000,0.00122824,,
286000,0.00105167,,
287000,0.00113043,,
288000,0.00104455,,
289000,0.00719444,,
290000,0.000996138,,
291000,0.000914621,,
292000,0.000965586,,
293000,0.0164742,,
294000,0.000982759,,
295000,0.00117108,,
296000,0.000957306,,
297000,0.00092906,,
298000,0.000853943,,
299000,0.00489478,,
300000,0.00102664,,
301000,0.00100981,,
302000,0.00109728,,
303000,0.0011029,,
304000,0.000861751,,
305000,0.00104364,,
306000,0.00101492,,
307000,0.00491749,,
308000,0.000743878,,
309000,0.00082708,,
310000,0.000986562,,
311000,0.000852688,,
312000,0.00504181,,
313000,0.000754954,,
314000,0.000747134,,
315000,0.000933008,,
316000,0.00103785,,
317000,0.00128502,,
318000,0.00129948,,
319000,0.00116975,,
320000,0.00117847,,
321000,0.00167743,,
322000,0.00127854,,
323000,0.00124506,,
324000,0.00116625,,
325000,0.00116717,,
326000,0.00123366,,
327000,0.00127578,,
328000,0.00133149,,
329000,0.0165255,,
330000,0.00122479,,
331000,0.00123949,,
332000,0.00151511,,
333000,0.00139541,,
334000,0.00129485,,
335000,0.00144873,,
336000,0.00123704,,
337000,0.00122628,,
338000,0.00143385,,
339000,0.00125655,,
340000,0.00141723,,
341000,0.00137308,,
342000,0.0014473,,
343000,0.0013831,,
344000,0.00133888,,
345000,0.00135118,,
346000,0.0013276,,
347000,0.0014968,,
348000,0.00132812,,
349000,0.00129441,,
350000,0.00175623,,
351000,0.00133618,,
352000,0.00137619,,
353000,0.00148295,,
354000,0.00113345,,
355000,0.00121438,,
356000,0.00125043,,
357000,0.00120576,,
358000,0.00111173,,
359000,0.000803664,,
360000,0.000984659,,
361000,0.0011066,,
362000,0.000956629,,
363000,0.00115539,,
364000,0.00115037,,
365000,0.000856198,,
366000,0.00108177,,
367000,0.0522657,,
368000,0.00127856,,
369000,0.00104692,,
370000,0.001104,,
371000,0.00102829,,
372000,0.00116934,,
373000,0.00103568,,
374000,0.0010179,,
375000,0.000969582,,
376000,0.00109157,,
377000,0.00100894,,
378000,0.000939869,,
379000,0.00102496,,
380000,0.00100144,,
381000,0.00111661,,
382000,0.00114444,,
383000,0.00109185,,
384000,0.000970167,,
385000,0.00088738,,
386000,0.00111431,,
387000,0.0015785,,
388000,0.00149881,,
389000,0.00147221,,
390000,0.00131272,,
391000,0.00120628,,
392000,0.00110244,,
393000,0.00105106,,
394000,0.000924175,,
395000,0.000893496,,
396000,0.000907964,,
397000,0.00117002,,
398000,0.00099765,,
399000,0.00116195,,
400000,0.000933375,,
401000,0.0012574,,
402000,0.00133525,,
403000,0.00108551,,
404000,0.00112819,,
405000,0.000987389,,
406000,0.00108235,,
407000,0.0012817,,
408000,0.00129301,,
409000,0.00112152,,
410000,0.00114826,,
411000,0.0523796,,
412000,0.00112545,,
413000,0.00107835,,
414000,0.00108133,,
415000,0.00125672,,
416000,0.00137111,,
417000,0.00103202,,
418000,0.000973712,,
419000,0.00122647,,
420000,0.00105537,,
421000,0.00110367,,
422000,0.00135742,,
423000,0.00119524,,
424000,0.00126166,,
425000,0.00131932,,
426000,0.0012978,,
427000,0.00119079,,
428000,0.00131964,,
429000,0.00111238,,
430000,0.00107203,,
431000,0.00107376,,
432000,0.00180565,,
433000,0.00172693,,
434000,0.00155647,,
435000,0.00110828,,
436000,0.0012973,,
437000,0.00526005,,
438000,0.00139738,,
439000,0.00110384,,
440000,0.00632539,,
441000,0.00116113,,
442000,0.00137099,,
443000,0.0016732,,
444000,0.00150966,,
445000,0.00149651,,
446000,0.0017835,,
447000,0.00178622,,
448000,0.0449861,,
449000,0.00172083,,
450000,0.00188799,,
451000,0.00174378,,
452000,0.0017839,,
453000,0.00181088,,
454000,0.001717,,
455000,0.00166751,,
456000,0.00186793,,
457000,0.0017874,,
458000,0.00175891,,
459000,0.00187827,,
460000,0.00180794,,
461000,0.00188762,,
462000,0.00194844,,
463000,0.00187682,,
464000,0.00187364,,
465000,0.00168666,,
466000,0.00173559,,
467000,0.001903,,
468000,0.00170813,,
469000,0.00170007,,
470000,0.00170823,,
471000,0.00183892,,
472000,0.00181646,,
473000,0.00188982,,
474000,0.00146582,,
475000,0.0527577,,
476000,0.00179122,,
477000,0.00386582,,
478000,0.00181109,,
479000,0.00195143,,
480000,0.00186769,,
481000,0.00185882,,
482000,0.00196402,,
483000,0.00205072,,
484000,0.0019512,,
485000,0.00208718,,
486000,0.00199729,,
487000,0.0021687,,
488000,0.00189173,,
489000,0.00202584,,
490000,0.002017,,
491000,0.00198539,,
492000,0.00211151,,
493000,0.00192905,,
494000,0.00192612,,
495000,0.00196838,,
496000,0.00195729,,
497000,0.00223731,,
498000,0.00215892,,
499000,0.00209023,,
500000,0.00202405,,
501000,0.048771,,
502000,0.00134033,,
503000,0.00139243,,
504000,0.00153099,,
505000,0.00129652,,
506000,0.00123799,,
507000,0.00134993,,
508000,0.00128344,,
509000,0.00119679,,
510000,0.00126702,,
511000,0.00120276,,
512000,0.0014008,,
513000,0.00134871,,
514000,0.00118536,,
515000,0.00132173,,
516000,0.00119469,,
517000,0.00189067,,
518000,0.0021834,,
519000,0.00210468,,
520000,0.00208894,,
521000,0.00197791,,
522000,0.00203779,,
523000,0.00206374,,
524000,0.00196942,,
525000,0.00196009,,
526000,0.00201294,,
527000,0.00200614,,
528000,0.0021172,,
529000,0.00194565,,
530000,0.0531706,,
531000,0.00198301,,
532000,0.00336973,,
533000,0.00214833,,
534000,0.00227834,,
535000,0.00233193,,
536000,0.00235081,,
537000,0.00231958,,
538000,0.00216138,,
539000,0.00220958,,
540000,0.00231311,,
541000,0.00220821,,
542000,0.00201765,,
543000,0.0019303,,
544000,0.00192695,,
545000,0.00150949,,
546000,0.00141255,,
547000,0.0013714,,
548000,0.00141336,,
549000,0.00128133,,
550000,0.00127981,,
551000,0.00154223,,
552000,0.00128598,,
553000,0.00156232,,
554000,0.00140756,,
555000,0.00130652,,
556000,0.0013299,,
557000,0.0530095,,
558000,0.00494181,,
559000,0.00138414,,
560000,0.00217105,,
561000,0.00270231,,
562000,0.00314512,,
563000,0.00197547,,
564000,0.0014109,,
565000,0.00329041,,
566000,0.00239778,,
567000,0.0029505,,
568000,0.00149789,,
569000,0.00145145,,
570000,0.0031098,,
571000,0.00320838,,
572000,0.00416782,,
573000,0.00234761,,
574000,0.00247093,,
575000,0.00224044,,
576000,0.00249582,,
577000,0.00247132,,
578000,0.00236616,,
579000,0.00240225,,
580000,0.00247287,,
581000,0.00240187,,
582000,0.0464019,,
583000,0.00212985,,
584000,0.00228883,,
585000,0.00240843,,
586000,0.00694031,,
587000,0.00231832,,
588000,0.00225535,,
589000,0.00222692,,
590000,0.00226364,,
591000,0.00624574,,
592000,0.00636677,,
593000,0.00235404,,
594000,0.00243686,,
595000,0.00215721,,
596000,0.00228861,,
597000,0.00241781,,
598000,0.00224652,,
599000,0.00233014,,
600000,0.00170694,,
601000,0.00239738,,
602000,0.00201142,,
603000,0.0020739,,
604000,0.0014938,,
605000,0.00133256,,
606000,0.0335133,,
607000,0.00143972,,
608000,0.00160846,,
609000,0.00150202,,
610000,0.00345907,,
611000,0.00264265,,
612000,0.00136898,,
613000,0.00142431,,
614000,0.00175092,,
615000,0.00586088,,
616000,0.00202556,,
617000,0.00149566,,
618000,0.00144148,,
619000,0.00360339,,
620000,0.00150159,,
621000,0.00306444,,
622000,0.00339002,,
623000,0.00153212,,
624000,0.00377633,,
625000,0.00147793,,
626000,0.00139014,,
627000,0.00153036,,
628000,0.00150004,,
629000,0.00152325,,
630000,0.00150108,,
631000,0.00147387,,
632000,0.00174317,,
633000,0.00161436,,
634000,0.00159293,,
635000,0.00231886,,
636000,0.00201237,,
637000,0.034804,,
638000,0.00164929,,
639000,0.00700149,,
640000,0.00304354,,
641000,0.00292853,,
642000,0.00285557,,
643000,0.00271459,,
644000,0.00277337,,
645000,0.00274012,,
646000,0.00253352,,
647000,0.00285609,,
648000,0.00251661,,
649000,0.00243621,,
650000,0.00272229,,
651000,0.00292874,,
652000,0.00274071,,
653000,0.00274403,,
654000,0.00249759,,
655000,0.00300155,,
656000,0.0457615,,
657000,0.00232047,,
658000,0.00274451,,
659000,0.0024928,,
660000,0.00246323,,
661000,0.00234652,,
662000,0.00201912,,
663000,0.00199147,,
664000,0.00202822,,
665000,0.00185887,,
666000,0.00187469,,
667000,0.00201851,,
668000,0.00212744,,
669000,0.00218662,,
670000,0.00162775,,
671000,0.00188079,,
672000,0.00196854,,
673000,0.00179234,,
674000,0.00220555,,
675000,0.00256231,,
676000,0.00251773,,
677000,0.00535975,,
678000,0.00212643,,
679000,0.0495163,,
680000,0.001743,,
681000,0.00168574,,
682000,0.00184768,,
683000,0.00173933,,
684000,0.00276566,,
685000,0.00249862,,
686000,0.00204762,,
687000,0.00203415,,
688000,0.00209082,,
689000,0.00199234,,
690000,0.00185926,,
691000,0.00230931,,
692000,0.0029761,,
693000,0.00262877,,
694000,0.0026673,,
695000,0.00249505,,
696000,0.00271273,,
697000,0.00281764,,
698000,0.00294361,,
699000,0.00314736,,
700000,0.0023387,,
701000,0.00187885,,
702000,0.0501993,,
703000,0.0030346,,
704000,0.00299265,,
705000,0.00279614,,
706000,0.00311022,,
707000,0.0032946,,
708000,0.0029572,,
709000,0.00304253,,
710000,0.002838,,
711000,0.00273638,,
712000,0.00269825,,
713000,0.00264587,,
714000,0.00239575,,
715000,0.00232814,,
716000,0.00229357,,
717000,0.00236806,,
718000,0.00258321,,
719000,0.0540692,,
720000,0.00298908,,
721000,0.00336272,,
722000,0.00226386,,
723000,0.00188461,,
724000,0.00242611,,
725000,0.00225508,,
726000,0.00192766,,
727000,0.00176306,,
728000,0.0019884,,
729000,0.00183655,,
730000,0.0019731,,
731000,0.0018634,,
732000,0.00277248,,
733000,0.00192636,,
734000,0.00202887,,
735000,0.00203848,,
736000,0.00221282,,
737000,0.00173104,,
738000,0.00189903,,
739000,0.0017401,,
740000,0.00229374,,
741000,0.00252194,,
742000,0.0538088,,
743000,0.00266393,,
744000,0.0018618,,
745000,0.00222376,,
746000,0.00195939,,
747000,0.00222318,,
748000,0.00211489,,
749000,0.00203959,,
750000,0.00197587,,
751000,0.00227638,,
752000,0.00212935,,
753000,0.00227464,,
754000,0.00221324,,
755000,0.00244202,,
756000,0.00261352,,
757000,0.00213182,,
758000,0.00230392,,
759000,0.00187057,,
760000,0.00193061,,
761000,0.00201463,,
762000,0.00251716,,
763000,0.00198538,,
764000,0.0568316,,
765000,0.00315567,,
766000,0.00237504,,
767000,0.00220547,,
768000,0.0020089,,
769000,0.00218206,,
770000,0.00201668,,
771000,0.00226245,,
772000,0.00221269,,
773000,0.00228379,,
774000,0.00207085,,
775000,0.00274784,,
776000,0.00204031,,
777000,0.00216201,,
778000,0.00227193,,
779000,0.00211063,,
780000,0.00206855,,
781000,0.00209522,,
782000,0.00253917,,
783000,0.00229095,,
784000,0.00238833,,
785000,0.00205144,,
786000,0.0492598,,
787000,0.00258935,,
788000,0.00336825,,
789000,0.00320206,,
790000,0.00263472,,
791000,0.00217905,,
792000,0.00312885,,
793000,0.00281192,,
794000,0.00281911,,
795000,0.00564521,,
796000,0.00286152,,
797000,0.00234845,,
798000,0.00215355,,
799000,0.00302851,,
800000,0.00209405,,
801000,0.00211983,,
802000,0.00246405,,
803000,0.00206878,,
804000,0.00181271,,
805000,0.00214829,,
806000,0.00235991,,
807000,0.0493679,,
808000,0.00313808,,
809000,0.00338304,,
810000,0.0027662,,
811000,0.00311464,,
812000,0.00233307,,
813000,0.00261349,,
814000,0.00284973,,
815000,0.00355138,,
816000,0.00257206,,
817000,0.00275759,,
818000,0.0026352,,
819000,0.00201936,,
820000,0.00195368,,
821000,0.00189349,,
822000,0.00227671,,
823000,0.00237828,,
824000,0.00239674,,
825000,0.00188432,,
826000,0.0503093,,
827000,0.00322792,,
828000,0.00265778,,
829000,0.0030708,,
830000,0.00313144,,
831000,0.0033306,,
832000,0.00295228,,
833000,0.00278585,,
834000,0.00268611,,
835000,0.00219712,,
836000,0.00259976,,
837000,0.00233054,,
838000,0.00223053,,
839000,0.00224832,,
840000,0.00268329,,
841000,0.00224282,,
842000,0.00213805,,
843000,0.00237809,,
844000,0.00232394,,
845000,0.00302668,,
846000,0.0521367,,
847000,0.00388949,,
848000,0.00331667,,
849000,0.00418621,,
850000,0.00387947,,
851000,0.00560721,,
852000,0.00347894,,
853000,0.00319327,,
854000,0.0076303,,
855000,0.00309203,,
856000,0.00314181,,
857000,0.00219662,,
858000,0.00285013,,
859000,0.00211926,,
860000,0.00254457,,
861000,0.00311386,,
862000,0.0420914,,
863000,0.00243037,,
864000,0.00314387,,
865000,0.0029163,,
866000,0.00291614,,
867000,0.0030755,,
868000,0.00322985,,
869000,0.00284009,,
870000,0.00305276,,
871000,0.00299755,,
872000,0.00280441,,
873000,0.00288242,,
874000,0.00318431,,
875000,0.00296464,,
876000,0.00285696,,
877000,0.00306654,,
878000,0.00306477,,
879000,0.0571516,,
880000,0.00761629,,
881000,0.00537407,,
882000,0.00675328,,
883000,0.00367938,,
884000,0.00892736,,
885000,0.00218056,,
886000,0.00215398,,
887000,0.00362155,,
888000,0.00346672,,
889000,0.0034212,,
890000,0.00364204,,
891000,0.00348036,,
892000,0.00356749,,
893000,0.0416884,,
894000,0.00635027,,
895000,0.00495234,,
896000,0.00601015,,
897000,0.00759046,,
898000,0.00324363,,
899000,0.00349563,,
900000,0.00330128,,
901000,0.00341014,,
902000,0.00361683,,
903000,0.00328321,,
904000,0.00340715,,
905000,0.00355979,,
906000,0.00361502,,
907000,0.047541,,
908000,0.00354899,,
909000,0.00750575,,
910000,0.00356373,,
911000,0.00378193,,
912000,0.00534945,,
913000,0.00358071,,
914000,0.0033741,,
915000,0.00339509,,
916000,0.00357557,,
917000,0.00348416,,
918000,0.00330744,,
919000,0.00358267,,
920000,0.00345917,,
921000,0.0463184,,
922000,0.00892069,,
923000,0.00374394,,
924000,0.0154787,,
925000,0.0114808,,
926000,0.00338475,,
927000,0.00286209,,
928000,0.00732796,,
929000,0.00607439,,
930000,0.003046,,
931000,0.00760443,,
932000,0.00360157,,
933000,0.00335676,,
934000,0.00366613,,
935000,0.014812,,
936000,0.00440462,,
937000,0.00353934,,
938000,0.00348531,,
939000,0.00362913,,
940000,0.00359681,,
941000,0.00364778,,
942000,0.00368351,,
943000,0.00371731,,
944000,0.00368952,,
945000,0.0036504,,
946000,0.00365234,,
947000,0.00372234,,
948000,0.0544459,,
949000,0.00567731,,
950000,0.00247468,,
951000,0.00803718,,
952000,0.00782203,,
953000,0.00423658,,
954000,0.0040765,,
955000,0.00420506,,
956000,0.00383224,,
957000,0.00399118,,
958000,0.00492338,,
959000,0.00387722,,
960000,0.00623821,,
961000,0.0028792,,
962000,0.00390673,,
963000,0.0352052,,
964000,0.00382656,,
965000,0.00756192,,
966000,0.00493672,,
967000,0.00557452,,
968000,0.00602167,,
969000,0.00244053,,
970000,0.00290321,,
971000,0.00305289,,
972000,0.00251555,,
973000,0.0023664,,
974000,0.00243708,,
975000,0.00228253,,
976000,0.00335788,,
977000,0.00225954,,
978000,0.00360887,,
979000,0.00265118,,
980000,0.0442951,,
981000,0.00553471,,
982000,0.00612354,,
983000,0.00710193,,
984000,0.00392169,,
985000,0.00371376,,
986000,0.0042078,,
987000,0.00385703,,
988000,0.00371738,,
989000,0.00390233,,
990000,0.00382434,,
991000,0.00362694,,
992000,0.00385085,,
993000,0.0428659,,
994000,0.00440304,,
995000,0.00251364,,
996000,0.00250764,,
997000,0.00257162,,
998000,0.00322429,,
999000,0.00284361,,
1000000,0.00388267,,
,,,
Binary Search,,,
Range , Time Taken,,
0,0.0026073,,
1000,1.17E-05,,
2000,7.79E-06,,
3000,6.87E-06,,
4000,6.66E-06,,
5000,7.01E-06,,
6000,8.75E-06,,
7000,6.91E-06,,
8000,1.02E-05,,
9000,1.14E-05,,
10000,1.20E-05,,
11000,8.26E-06,,
12000,9.21E-05,,
13000,1.87E-05,,
14000,6.84E-06,,
15000,1.01E-05,,
16000,1.48E-05,,
17000,1.45E-05,,
18000,1.44E-05,,
19000,8.12E-06,,
20000,1.12E-05,,
21000,1.49E-05,,
22000,1.42E-05,,
23000,1.46E-05,,
24000,1.43E-05,,
25000,1.43E-05,,
26000,1.42E-05,,
27000,1.43E-05,,
28000,1.44E-05,,
29000,1.44E-05,,
30000,1.45E-05,,
31000,1.44E-05,,
32000,1.45E-05,,
33000,1.16E-05,,
34000,1.07E-05,,
35000,1.24E-05,,
36000,1.85E-05,,
37000,1.61E-05,,
38000,1.18E-05,,
39000,6.82E-06,,
40000,6.77E-06,,
41000,7.17E-06,,
42000,7.03E-06,,
43000,7.10E-06,,
44000,6.38E-06,,
45000,6.66E-06,,
46000,3.62E-05,,
47000,1.58E-05,,
48000,1.53E-05,,
49000,1.03E-05,,
50000,7.01E-06,,
51000,1.04E-05,,
52000,1.43E-05,,
53000,1.41E-05,,
54000,1.41E-05,,
55000,6.98E-06,,
56000,8.89E-06,,
57000,6.97E-06,,
58000,6.90E-06,,
59000,6.16E-06,,
60000,6.31E-06,,
61000,6.57E-06,,
62000,6.77E-06,,
63000,7.00E-06,,
64000,6.53E-06,,
65000,6.70E-06,,
66000,6.30E-06,,
67000,6.80E-06,,
68000,8.86E-06,,
69000,9.81E-06,,
70000,2.62E-05,,
71000,1.34E-05,,
72000,1.30E-05,,
73000,1.32E-05,,
74000,1.30E-05,,
75000,1.30E-05,,
76000,1.29E-05,,
77000,1.31E-05,,
78000,1.29E-05,,
79000,1.30E-05,,
80000,1.27E-05,,
81000,1.39E-05,,
82000,9.61E-06,,
83000,7.14E-06,,
84000,6.03E-06,,
85000,7.95E-06,,
86000,1.32E-05,,
87000,1.30E-05,,
88000,1.24E-05,,
89000,1.32E-05,,
90000,1.33E-05,,
91000,1.31E-05,,
92000,1.10E-05,,
93000,1.32E-05,,
94000,1.31E-05,,
95000,1.32E-05,,
96000,0.000351355,,
97000,1.28E-05,,
98000,1.45E-05,,
99000,1.02E-05,,
100000,1.29E-05,,
101000,1.10E-05,,
102000,1.31E-05,,
103000,1.34E-05,,
104000,1.27E-05,,
105000,1.33E-05,,
106000,1.30E-05,,
107000,1.35E-05,,
108000,1.23E-05,,
109000,1.11E-05,,
110000,1.34E-05,,
111000,1.32E-05,,
112000,1.30E-05,,
113000,1.25E-05,,
114000,1.33E-05,,
115000,1.31E-05,,
116000,1.31E-05,,
117000,1.30E-05,,
118000,1.30E-05,,
119000,1.31E-05,,
120000,1.31E-05,,
121000,1.30E-05,,
122000,1.31E-05,,
123000,1.30E-05,,
124000,6.53E-06,,
125000,7.77E-06,,
126000,6.34E-06,,
127000,6.51E-06,,
128000,6.58E-06,,
129000,6.09E-06,,
130000,6.55E-06,,
131000,6.89E-06,,
132000,6.55E-06,,
133000,1.34E-05,,
134000,1.33E-05,,
135000,1.31E-05,,
136000,1.31E-05,,
137000,1.38E-05,,
138000,9.79E-06,,
139000,1.25E-05,,
140000,1.32E-05,,
141000,2.29E-05,,
142000,1.33E-05,,
143000,1.27E-05,,
144000,1.27E-05,,
145000,1.31E-05,,
146000,1.28E-05,,
147000,1.30E-05,,
148000,1.31E-05,,
149000,1.30E-05,,
150000,1.26E-05,,
151000,1.27E-05,,
152000,1.12E-05,,
153000,1.31E-05,,
154000,1.29E-05,,
155000,1.28E-05,,
156000,1.27E-05,,
157000,1.30E-05,,
158000,1.29E-05,,
159000,1.30E-05,,
160000,1.32E-05,,
161000,1.44E-05,,
162000,1.30E-05,,
163000,1.30E-05,,
164000,1.31E-05,,
165000,1.32E-05,,
166000,9.68E-06,,
167000,9.73E-06,,
168000,6.35E-06,,
169000,6.73E-06,,
170000,6.74E-06,,
171000,7.14E-06,,
172000,6.57E-06,,
173000,6.04E-06,,
174000,6.29E-06,,
175000,6.20E-06,,
176000,6.04E-06,,
177000,5.92E-06,,
178000,6.23E-06,,
179000,6.33E-06,,
180000,6.56E-06,,
181000,6.09E-06,,
182000,5.88E-06,,
183000,5.88E-06,,
184000,5.88E-06,,
185000,1.06E-05,,
186000,6.11E-06,,
187000,6.27E-06,,
188000,6.18E-06,,
189000,6.27E-06,,
190000,5.83E-06,,
191000,6.67E-06,,
192000,6.51E-06,,
193000,9.57E-06,,
194000,1.10E-05,,
195000,7.53E-06,,
196000,6.25E-06,,
197000,6.38E-06,,
198000,6.14E-06,,
199000,6.13E-06,,
200000,6.01E-06,,
201000,6.28E-06,,
202000,6.29E-06,,
203000,5.72E-06,,
204000,5.74E-06,,
205000,6.16E-06,,
206000,6.43E-06,,
207000,5.60E-06,,
208000,5.81E-06,,
209000,6.44E-06,,
210000,6.48E-06,,
211000,6.08E-06,,
212000,6.87E-06,,
213000,5.94E-06,,
214000,6.45E-06,,
215000,6.00E-06,,
216000,6.41E-06,,
217000,5.92E-06,,
218000,5.95E-06,,
219000,6.13E-06,,
220000,5.94E-06,,
221000,6.50E-06,,
222000,5.87E-06,,
223000,5.92E-06,,
224000,5.97E-06,,
225000,5.74E-06,,
226000,5.81E-06,,
227000,5.81E-06,,
228000,6.24E-06,,
229000,5.78E-06,,
230000,5.73E-06,,
231000,7.01E-06,,
232000,6.01E-06,,
233000,6.29E-06,,
234000,6.06E-06,,
235000,6.11E-06,,
236000,6.37E-06,,
237000,5.65E-06,,
238000,7.15E-06,,
239000,6.20E-06,,
240000,6.18E-06,,
241000,7.87E-06,,
242000,6.22E-06,,
243000,5.95E-06,,
244000,7.72E-06,,
245000,5.85E-06,,
246000,6.09E-06,,
247000,6.26E-06,,
248000,2.08E-05,,
249000,1.22E-05,,
250000,7.24E-06,,
251000,7.09E-06,,
252000,6.38E-06,,
253000,6.05E-06,,
254000,6.15E-06,,
255000,6.37E-06,,
256000,6.10E-06,,
257000,6.05E-06,,
258000,5.84E-06,,
259000,6.51E-06,,
260000,6.52E-06,,
261000,7.24E-06,,
262000,6.30E-06,,
263000,6.19E-06,,
264000,6.27E-06,,
265000,6.66E-06,,
266000,6.81E-06,,
267000,5.83E-06,,
268000,6.01E-06,,
269000,5.84E-06,,
270000,5.82E-06,,
271000,6.40E-06,,
272000,6.50E-06,,
273000,5.87E-06,,
274000,6.15E-06,,
275000,6.10E-06,,
276000,5.78E-06,,
277000,5.85E-06,,
278000,6.02E-06,,
279000,6.25E-06,,
280000,6.00E-06,,
281000,7.00E-06,,
282000,6.42E-06,,
283000,6.46E-06,,
284000,1.23E-05,,
285000,6.23E-06,,
286000,6.36E-06,,
287000,5.95E-06,,
288000,6.30E-06,,
289000,6.28E-06,,
290000,6.06E-06,,
291000,6.77E-06,,
292000,6.40E-06,,
293000,5.83E-06,,
294000,6.63E-06,,
295000,6.14E-06,,
296000,6.50E-06,,
297000,6.04E-06,,
298000,6.31E-06,,
299000,5.88E-06,,
300000,6.16E-06,,
301000,6.30E-06,,
302000,6.11E-06,,
303000,5.74E-06,,
304000,6.28E-06,,
305000,6.13E-06,,
306000,6.22E-06,,
307000,6.23E-06,,
308000,6.17E-06,,
309000,6.39E-06,,
310000,6.53E-06,,
311000,6.42E-06,,
312000,6.01E-06,,
313000,5.79E-06,,
314000,5.79E-06,,
315000,5.98E-06,,
316000,6.04E-06,,
317000,5.91E-06,,
318000,6.24E-06,,
319000,6.13E-06,,
320000,6.26E-06,,
321000,6.73E-06,,
322000,1.05E-05,,
323000,7.10E-06,,
324000,6.10E-06,,
325000,6.64E-06,,
326000,6.38E-06,,
327000,5.80E-06,,
328000,6.27E-06,,
329000,5.94E-06,,
330000,6.75E-06,,
331000,6.16E-06,,
332000,6.58E-06,,
333000,5.82E-06,,
334000,6.33E-06,,
335000,6.25E-06,,
336000,8.63E-05,,
337000,1.20E-05,,
338000,9.73E-06,,
339000,2.17E-05,,
340000,2.36E-05,,
341000,7.11E-06,,
342000,7.06E-06,,
343000,6.62E-06,,
344000,6.70E-06,,
345000,6.33E-06,,
346000,6.22E-06,,
347000,6.53E-06,,
348000,6.27E-06,,
349000,6.42E-06,,
350000,6.36E-06,,
351000,1.89E-05,,
352000,9.36E-06,,
353000,8.51E-06,,
354000,7.67E-06,,
355000,6.72E-06,,
356000,6.38E-06,,
357000,6.66E-06,,
358000,7.20E-06,,
359000,7.16E-06,,
360000,6.43E-06,,
361000,7.03E-06,,
362000,6.75E-06,,
363000,6.89E-06,,
364000,6.51E-06,,
365000,6.45E-06,,
366000,6.33E-06,,
367000,6.22E-06,,
368000,6.39E-06,,
369000,6.56E-06,,
370000,6.78E-06,,
371000,8.14E-06,,
372000,6.65E-06,,
373000,6.67E-06,,
374000,6.56E-06,,
375000,6.93E-06,,
376000,1.00E-05,,
377000,9.55E-06,,
378000,6.93E-06,,
379000,6.45E-06,,
380000,6.74E-06,,
381000,6.91E-06,,
382000,6.46E-06,,
383000,6.23E-06,,
384000,6.60E-06,,
385000,6.83E-06,,
386000,6.78E-06,,
387000,6.42E-06,,
388000,6.85E-06,,
389000,6.55E-06,,
390000,6.45E-06,,
391000,7.13E-06,,
392000,6.43E-06,,
393000,6.28E-06,,
394000,6.67E-06,,
395000,6.41E-06,,
396000,6.89E-06,,
397000,6.51E-06,,
398000,6.56E-06,,
399000,6.44E-06,,
400000,6.81E-06,,
401000,7.11E-06,,
402000,6.75E-06,,
403000,3.81E-05,,
404000,8.61E-06,,
405000,8.81E-06,,
406000,6.43E-06,,
407000,6.00E-06,,
408000,6.22E-06,,
409000,8.95E-06,,
410000,6.06E-06,,
411000,7.32E-06,,
412000,5.68E-06,,
413000,5.84E-06,,
414000,6.03E-06,,
415000,6.02E-06,,
416000,5.68E-06,,
417000,6.05E-06,,
418000,6.61E-06,,
419000,8.16E-06,,
420000,6.13E-06,,
421000,0.0463254,,
422000,1.52E-05,,
423000,7.53E-06,,
424000,7.41E-06,,
425000,2.76E-05,,
426000,1.03E-05,,
427000,1.18E-05,,
428000,1.55E-05,,
429000,1.54E-05,,
430000,1.64E-05,,
431000,1.23E-05,,
432000,1.51E-05,,
433000,2.87E-05,,
434000,1.56E-05,,
435000,1.53E-05,,
436000,1.50E-05,,
437000,1.52E-05,,
438000,1.21E-05,,
439000,2.67E-05,,
440000,1.36E-05,,
441000,1.48E-05,,
442000,1.45E-05,,
443000,2.41E-05,,
444000,1.35E-05,,
445000,1.29E-05,,
446000,1.06E-05,,
447000,1.39E-05,,
448000,1.43E-05,,
449000,1.43E-05,,
450000,1.33E-05,,
451000,1.33E-05,,
452000,1.37E-05,,
453000,1.35E-05,,
454000,7.44E-05,,
455000,1.33E-05,,
456000,6.39E-06,,
457000,6.47E-06,,
458000,6.33E-06,,
459000,6.35E-06,,
460000,6.34E-06,,
461000,6.80E-06,,
462000,9.83E-06,,
463000,6.34E-06,,
464000,6.47E-06,,
465000,6.15E-06,,
466000,6.21E-06,,
467000,1.01E-05,,
468000,1.35E-05,,
469000,1.34E-05,,
470000,1.08E-05,,
471000,1.41E-05,,
472000,1.10E-05,,
473000,1.36E-05,,
474000,1.05E-05,,
475000,1.05E-05,,
476000,1.31E-05,,
477000,1.24E-05,,
478000,1.30E-05,,
479000,1.30E-05,,
480000,1.38E-05,,
481000,1.35E-05,,
482000,1.39E-05,,
483000,1.16E-05,,
484000,1.06E-05,,
485000,6.24E-06,,
486000,1.27E-05,,
487000,6.19E-06,,
488000,6.43E-06,,
489000,1.01E-05,,
490000,6.37E-06,,
491000,1.40E-05,,
492000,1.33E-05,,
493000,1.25E-05,,
494000,9.98E-06,,
495000,1.33E-05,,
496000,1.35E-05,,
497000,1.06E-05,,
498000,1.04E-05,,
499000,1.32E-05,,
500000,1.37E-05,,
501000,0.049281,,
502000,1.65E-05,,
503000,6.98E-06,,
504000,6.52E-06,,
505000,6.18E-06,,
506000,5.90E-06,,
507000,6.28E-06,,
508000,5.85E-06,,
509000,6.13E-06,,
510000,5.91E-06,,
511000,6.79E-06,,
512000,6.36E-06,,
513000,1.33E-05,,
514000,9.11E-06,,
515000,1.27E-05,,
516000,1.06E-05,,
517000,6.32E-06,,
518000,6.18E-06,,
519000,6.59E-06,,
520000,6.16E-06,,
521000,9.81E-06,,
522000,6.49E-06,,
523000,6.18E-06,,
524000,6.75E-06,,
525000,6.70E-06,,
526000,2.33E-05,,
527000,6.67E-06,,
528000,6.62E-06,,
529000,7.43E-06,,
530000,1.36E-05,,
531000,7.02E-06,,
532000,6.99E-06,,
533000,6.71E-06,,
534000,2.11E-05,,
535000,6.90E-06,,
536000,6.43E-06,,
537000,6.61E-06,,
538000,6.73E-06,,
539000,6.55E-06,,
540000,6.78E-06,,
541000,6.76E-06,,
542000,6.64E-06,,
543000,6.55E-06,,
544000,6.38E-06,,
545000,6.35E-06,,
546000,6.09E-06,,
547000,6.10E-06,,
548000,7.20E-06,,
549000,6.07E-06,,
550000,6.48E-06,,
551000,6.51E-06,,
552000,6.33E-06,,
553000,6.44E-06,,
554000,1.71E-05,,
555000,6.13E-06,,
556000,6.27E-06,,
557000,6.06E-06,,
558000,6.24E-06,,
559000,5.89E-06,,
560000,6.35E-06,,
561000,6.24E-06,,
562000,6.04E-06,,
563000,6.07E-06,,
564000,6.19E-06,,
565000,5.96E-06,,
566000,6.13E-06,,
567000,6.31E-06,,
568000,6.28E-06,,
569000,6.08E-06,,
570000,6.17E-06,,
571000,6.32E-06,,
572000,6.16E-06,,
573000,6.05E-06,,
574000,6.26E-06,,
575000,5.98E-06,,
576000,5.96E-06,,
577000,5.97E-06,,
578000,6.10E-06,,
579000,1.29E-05,,
580000,6.27E-06,,
581000,0.102665,,
582000,2.38E-05,,
583000,6.76E-06,,
584000,6.27E-06,,
585000,6.41E-06,,
586000,1.04E-05,,
587000,1.07E-05,,
588000,1.28E-05,,
589000,1.25E-05,,
590000,1.25E-05,,
591000,1.07E-05,,
592000,1.05E-05,,
593000,1.36E-05,,
594000,1.06E-05,,
595000,1.36E-05,,
596000,1.32E-05,,
597000,1.35E-05,,
598000,1.33E-05,,
599000,1.32E-05,,
600000,1.26E-05,,
601000,1.37E-05,,
602000,1.34E-05,,
603000,1.04E-05,,
604000,1.31E-05,,
605000,1.09E-05,,
606000,1.44E-05,,
607000,1.79E-05,,
608000,1.88E-05,,
609000,1.35E-05,,
610000,1.34E-05,,
611000,1.38E-05,,
612000,1.37E-05,,
613000,1.36E-05,,
614000,1.38E-05,,
615000,1.34E-05,,
616000,1.33E-05,,
617000,1.37E-05,,
618000,1.35E-05,,
619000,1.38E-05,,
620000,1.32E-05,,
621000,1.37E-05,,
622000,1.42E-05,,
623000,1.36E-05,,
624000,1.36E-05,,
625000,1.33E-05,,
626000,1.35E-05,,
627000,1.34E-05,,
628000,1.33E-05,,
629000,1.37E-05,,
630000,1.33E-05,,
631000,1.37E-05,,
632000,1.29E-05,,
633000,1.23E-05,,
634000,1.37E-05,,
635000,1.09E-05,,
636000,1.08E-05,,
637000,1.31E-05,,
638000,1.40E-05,,
639000,1.10E-05,,
640000,1.41E-05,,
641000,1.43E-05,,
642000,1.35E-05,,
643000,1.34E-05,,
644000,1.04E-05,,
645000,1.47E-05,,
646000,1.41E-05,,
647000,1.38E-05,,
648000,1.41E-05,,
649000,1.36E-05,,
650000,1.38E-05,,
651000,1.39E-05,,
652000,1.36E-05,,
653000,1.34E-05,,
654000,1.07E-05,,
655000,1.30E-05,,
656000,1.33E-05,,
657000,1.26E-05,,
658000,1.30E-05,,
659000,1.07E-05,,
660000,1.34E-05,,
661000,1.38E-05,,
662000,1.36E-05,,
663000,1.02E-05,,
664000,1.34E-05,,
665000,1.30E-05,,
666000,1.05E-05,,
667000,1.25E-05,,
668000,1.30E-05,,
669000,1.37E-05,,
670000,1.35E-05,,
671000,1.37E-05,,
672000,1.09E-05,,
673000,1.37E-05,,
674000,1.28E-05,,
675000,1.07E-05,,
676000,1.01E-05,,
677000,6.48E-06,,
678000,9.49E-06,,
679000,6.62E-06,,
680000,7.71E-06,,
681000,1.29E-05,,
682000,1.01E-05,,
683000,1.44E-05,,
684000,1.78E-05,,
685000,1.38E-05,,
686000,1.36E-05,,
687000,1.34E-05,,
688000,1.06E-05,,
689000,1.35E-05,,
690000,1.33E-05,,
691000,1.36E-05,,
692000,1.36E-05,,
693000,1.36E-05,,
694000,1.35E-05,,
695000,1.27E-05,,
696000,1.36E-05,,
697000,1.36E-05,,
698000,1.39E-05,,
699000,1.38E-05,,
700000,1.35E-05,,
701000,1.38E-05,,
702000,1.38E-05,,
703000,1.39E-05,,
704000,1.35E-05,,
705000,1.37E-05,,
706000,1.37E-05,,
707000,1.35E-05,,
708000,1.38E-05,,
709000,1.38E-05,,
710000,2.61E-05,,
711000,9.06E-06,,
712000,9.94E-06,,
713000,9.44E-06,,
714000,1.33E-05,,
715000,1.35E-05,,
716000,1.37E-05,,
717000,1.40E-05,,
718000,1.36E-05,,
719000,1.10E-05,,
720000,1.37E-05,,
721000,6.64E-06,,
722000,1.36E-05,,
723000,1.34E-05,,
724000,1.35E-05,,
725000,1.35E-05,,
726000,1.08E-05,,
727000,1.08E-05,,
728000,1.12E-05,,
729000,1.08E-05,,
730000,1.08E-05,,
731000,1.41E-05,,
732000,1.03E-05,,
733000,1.34E-05,,
734000,1.30E-05,,
735000,1.38E-05,,
736000,1.47E-05,,
737000,1.37E-05,,
738000,1.36E-05,,
739000,1.30E-05,,
740000,1.30E-05,,
741000,0.0445227,,
742000,1.64E-05,,
743000,7.32E-06,,
744000,3.68E-05,,
745000,7.60E-06,,
746000,2.26E-05,,
747000,1.04E-05,,
748000,1.11E-05,,
749000,6.85E-06,,
750000,6.61E-06,,
751000,7.94E-06,,
752000,7.56E-06,,
753000,8.94E-06,,
754000,1.11E-05,,
755000,7.45E-06,,
756000,9.86E-06,,
757000,6.99E-06,,
758000,9.65E-06,,
759000,6.94E-06,,
760000,6.46E-06,,
761000,7.09E-06,,
762000,6.48E-06,,
763000,6.87E-06,,
764000,6.58E-06,,
765000,6.75E-06,,
766000,7.53E-06,,
767000,6.58E-06,,
768000,7.10E-06,,
769000,6.76E-06,,
770000,5.96E-06,,
771000,7.08E-06,,
772000,6.16E-06,,
773000,6.55E-06,,
774000,6.21E-06,,
775000,6.26E-06,,
776000,6.37E-06,,
777000,6.25E-06,,
778000,6.05E-06,,
779000,6.55E-06,,
780000,6.58E-06,,
781000,6.51E-06,,
782000,6.60E-06,,
783000,6.49E-06,,
784000,6.48E-06,,
785000,6.60E-06,,
786000,6.40E-06,,
787000,6.56E-06,,
788000,6.34E-06,,
789000,6.56E-06,,
790000,6.49E-06,,
791000,6.61E-06,,
792000,6.34E-06,,
793000,6.57E-06,,
794000,6.52E-06,,
795000,6.77E-06,,
796000,6.42E-06,,
797000,6.52E-06,,
798000,6.92E-06,,
799000,6.52E-06,,
800000,6.60E-06,,
801000,6.69E-06,,
802000,6.51E-06,,
803000,6.42E-06,,
804000,6.44E-06,,
805000,6.48E-06,,
806000,6.81E-06,,
807000,6.53E-06,,
808000,6.52E-06,,
809000,6.67E-06,,
810000,6.57E-06,,
811000,6.57E-06,,
812000,6.65E-06,,
813000,6.18E-06,,
814000,6.62E-06,,
815000,6.63E-06,,
816000,6.68E-06,,
817000,6.45E-06,,
818000,6.73E-06,,
819000,6.62E-06,,
820000,6.55E-06,,
821000,0.0499089,,
822000,1.82E-05,,
823000,6.98E-06,,
824000,1.64E-05,,
825000,6.34E-06,,
826000,6.62E-06,,
827000,6.38E-06,,
828000,6.57E-06,,
829000,5.78E-06,,
830000,6.21E-06,,
831000,6.35E-06,,
832000,6.60E-06,,
833000,6.44E-06,,
834000,1.65E-05,,
835000,7.00E-06,,
836000,6.02E-06,,
837000,6.28E-06,,
838000,5.68E-06,,
839000,5.90E-06,,
840000,5.97E-06,,
841000,6.46E-06,,
842000,1.52E-05,,
843000,6.37E-06,,
844000,6.33E-06,,
845000,6.27E-06,,
846000,6.20E-06,,
847000,6.13E-06,,
848000,6.35E-06,,
849000,6.03E-06,,
850000,6.71E-06,,
851000,6.41E-06,,
852000,6.00E-06,,
853000,6.27E-06,,
854000,6.04E-06,,
855000,6.15E-06,,
856000,6.23E-06,,
857000,6.01E-06,,
858000,5.93E-06,,
859000,6.22E-06,,
860000,6.05E-06,,
861000,6.46E-06,,
862000,5.97E-06,,
863000,6.08E-06,,
864000,6.20E-06,,
865000,6.18E-06,,
866000,6.12E-06,,
867000,6.40E-06,,
868000,6.07E-06,,
869000,6.16E-06,,
870000,6.00E-06,,
871000,6.41E-06,,
872000,5.98E-06,,
873000,6.33E-06,,
874000,6.06E-06,,
875000,6.31E-06,,
876000,6.44E-06,,
877000,6.31E-06,,
878000,6.57E-06,,
879000,6.35E-06,,
880000,6.41E-06,,
881000,6.67E-06,,
882000,6.25E-06,,
883000,6.32E-06,,
884000,6.14E-06,,
885000,6.31E-06,,
886000,6.17E-06,,
887000,6.29E-06,,
888000,6.40E-06,,
889000,6.33E-06,,
890000,6.17E-06,,
891000,6.17E-06,,
892000,6.26E-06,,
893000,6.37E-06,,
894000,6.45E-06,,
895000,6.00E-06,,
896000,6.28E-06,,
897000,6.30E-06,,
898000,6.41E-06,,
899000,6.03E-06,,
900000,6.16E-06,,
901000,8.19E-05,,
902000,7.33E-06,,
903000,6.13E-06,,
904000,6.22E-06,,
905000,6.11E-06,,
906000,6.14E-06,,
907000,6.40E-06,,
908000,6.32E-06,,
909000,6.22E-06,,
910000,6.27E-06,,
911000,0.0494762,,
912000,2.74E-05,,
913000,8.87E-06,,
914000,7.79E-06,,
915000,8.27E-06,,
916000,7.73E-06,,
917000,8.02E-06,,
918000,7.62E-06,,
919000,1.47E-05,,
920000,7.50E-06,,
921000,1.38E-05,,
922000,1.74E-05,,
923000,2.02E-05,,
924000,1.06E-05,,
925000,1.25E-05,,
926000,9.20E-06,,
927000,1.36E-05,,
928000,1.18E-05,,
929000,1.65E-05,,
930000,1.58E-05,,
931000,1.58E-05,,
932000,1.51E-05,,
933000,1.60E-05,,
934000,1.18E-05,,
935000,1.53E-05,,
936000,1.51E-05,,
937000,1.24E-05,,
938000,1.50E-05,,
939000,1.23E-05,,
940000,1.18E-05,,
941000,1.59E-05,,
942000,1.18E-05,,
943000,1.54E-05,,
944000,1.52E-05,,
945000,1.53E-05,,
946000,1.52E-05,,
947000,1.49E-05,,
948000,6.77E-06,,
949000,7.07E-06,,
950000,6.97E-06,,
951000,7.10E-06,,
952000,6.58E-06,,
953000,6.97E-06,,
954000,1.51E-05,,
955000,3.09E-05,,
956000,2.44E-05,,
957000,6.82E-06,,
958000,6.61E-06,,
959000,6.65E-06,,
960000,7.49E-06,,
961000,1.43E-05,,
962000,2.26E-05,,
963000,6.88E-06,,
964000,1.60E-05,,
965000,1.13E-05,,
966000,1.47E-05,,
967000,1.49E-05,,
968000,1.44E-05,,
969000,1.39E-05,,
970000,1.12E-05,,
971000,1.47E-05,,
972000,1.42E-05,,
973000,1.44E-05,,
974000,1.44E-05,,
975000,3.12E-05,,
976000,1.52E-05,,
977000,1.48E-05,,
978000,1.51E-05,,
979000,1.54E-05,,
980000,1.53E-05,,
981000,1.53E-05,,
982000,1.53E-05,,
983000,1.53E-05,,
984000,1.53E-05,,
985000,1.50E-05,,
986000,1.55E-05,,
987000,1.53E-05,,
988000,1.06E-05,,
989000,2.62E-05,,
990000,2.62E-05,,
991000,0.0482705,,
992000,1.82E-05,,
993000,7.76E-06,,
994000,6.98E-06,,
995000,2.02E-05,,
996000,7.79E-06,,
997000,7.27E-06,,
998000,7.06E-06,,
999000,7.48E-06,,
1000000,7.48E-06,,
,,,
Jump Search,,,
Range , Time Taken,0,7.20E-06
1000,1.56E-05,,
2000,6.51E-06,,
3000,6.35E-06,,
4000,6.21E-06,,
5000,6.23E-06,,
6000,6.29E-06,,
7000,6.24E-06,,
8000,6.26E-06,,
9000,6.30E-06,,
10000,6.60E-06,,
11000,6.62E-06,,
12000,6.40E-06,,
13000,6.87E-06,,
14000,6.49E-06,,
15000,6.38E-06,,
16000,6.46E-06,,
17000,6.50E-06,,
18000,6.51E-06,,
19000,6.49E-06,,
20000,6.56E-06,,
21000,6.45E-06,,
22000,6.48E-06,,
23000,6.55E-06,,
24000,6.68E-06,,
25000,1.79E-05,,
26000,6.76E-06,,
27000,6.77E-06,,
28000,6.83E-06,,
29000,6.70E-06,,
30000,6.78E-06,,
31000,6.77E-06,,
32000,6.79E-06,,
33000,1.53E-05,,
34000,6.91E-06,,
35000,6.77E-06,,
36000,6.78E-06,,
37000,6.90E-06,,
38000,6.75E-06,,
39000,6.84E-06,,
40000,6.93E-06,,
41000,6.84E-06,,
42000,6.83E-06,,
43000,6.94E-06,,
44000,6.87E-06,,
45000,6.92E-06,,
46000,6.85E-06,,
47000,6.86E-06,,
48000,6.84E-06,,
49000,6.92E-06,,
50000,7.04E-06,,
51000,6.95E-06,,
52000,6.96E-06,,
53000,6.97E-06,,
54000,6.95E-06,,
55000,7.00E-06,,
56000,6.94E-06,,
57000,6.98E-06,,
58000,7.04E-06,,
59000,1.56E-05,,
60000,7.34E-06,,
61000,7.07E-06,,
62000,7.05E-06,,
63000,7.04E-06,,
64000,7.06E-06,,
65000,7.12E-06,,
66000,6.81E-06,,
67000,7.18E-06,,
68000,7.12E-06,,
69000,7.22E-06,,
70000,0.0491552,,
71000,1.48E-05,,
72000,8.11E-06,,
73000,7.70E-06,,
74000,7.95E-06,,
75000,7.56E-06,,
76000,7.77E-06,,
77000,7.39E-06,,
78000,7.79E-06,,
79000,7.64E-06,,
80000,8.38E-06,,
81000,7.87E-06,,
82000,7.80E-06,,
83000,7.75E-06,,
84000,7.81E-06,,
85000,7.83E-06,,
86000,7.74E-06,,
87000,7.78E-06,,
88000,7.91E-06,,
89000,2.20E-05,,
90000,7.61E-06,,
91000,7.28E-06,,
92000,7.29E-06,,
93000,1.78E-05,,
94000,6.81E-06,,
95000,1.32E-05,,
96000,6.97E-06,,
97000,6.86E-06,,
98000,6.76E-06,,
99000,6.81E-06,,
100000,6.92E-06,,
101000,6.93E-06,,
102000,6.87E-06,,
103000,6.82E-06,,
104000,7.21E-06,,
105000,6.87E-06,,
106000,6.90E-06,,
107000,6.83E-06,,
108000,6.69E-06,,
109000,6.96E-06,,
110000,7.27E-06,,
111000,7.01E-06,,
112000,6.94E-06,,
113000,7.00E-06,,
114000,6.98E-06,,
115000,7.06E-06,,
116000,6.97E-06,,
117000,7.05E-06,,
118000,7.08E-06,,
119000,7.00E-06,,
120000,7.17E-06,,
121000,7.08E-06,,
122000,6.99E-06,,
123000,7.02E-06,,
124000,1.51E-05,,
125000,7.26E-06,,
126000,2.74E-05,,
127000,1.45E-05,,
128000,1.45E-05,,
129000,1.43E-05,,
130000,1.54E-05,,
131000,1.43E-05,,
132000,1.42E-05,,
133000,1.16E-05,,
134000,1.46E-05,,
135000,1.16E-05,,
136000,1.47E-05,,
137000,1.45E-05,,
138000,1.45E-05,,
139000,1.36E-05,,
140000,1.46E-05,,
141000,1.46E-05,,
142000,1.46E-05,,
143000,1.58E-05,,
144000,7.28E-06,,
145000,1.12E-05,,
146000,1.47E-05,,
147000,2.02E-05,,
148000,9.86E-06,,
149000,1.18E-05,,
150000,0.04951,,
151000,3.26E-05,,
152000,9.24E-06,,
153000,8.89E-06,,
154000,9.09E-06,,
155000,8.54E-06,,
156000,9.01E-06,,
157000,9.04E-06,,
158000,8.59E-06,,
159000,8.29E-06,,
160000,8.20E-06,,
161000,8.63E-06,,
162000,8.03E-06,,
163000,8.30E-06,,
164000,8.39E-06,,
165000,2.22E-05,,
166000,9.82E-06,,
167000,8.44E-06,,
168000,9.62E-06,,
169000,8.75E-06,,
170000,8.82E-06,,
171000,8.60E-06,,
172000,8.60E-06,,
173000,8.65E-06,,
174000,8.63E-06,,
175000,8.85E-06,,
176000,8.60E-06,,
177000,8.69E-06,,
178000,8.71E-06,,
179000,8.58E-06,,
180000,9.04E-06,,
181000,8.74E-06,,
182000,8.68E-06,,
183000,2.00E-05,,
184000,7.28E-06,,
185000,7.27E-06,,
186000,7.22E-06,,
187000,7.24E-06,,
188000,7.21E-06,,
189000,7.22E-06,,
190000,7.44E-06,,
191000,7.35E-06,,
192000,7.20E-06,,
193000,7.26E-06,,
194000,7.15E-06,,
195000,6.99E-06,,
196000,7.32E-06,,
197000,7.44E-06,,
198000,7.32E-06,,
199000,7.31E-06,,
200000,7.63E-06,,
201000,7.34E-06,,
202000,7.33E-06,,
203000,1.61E-05,,
204000,7.39E-06,,
205000,7.12E-06,,
206000,7.35E-06,,
207000,7.48E-06,,
208000,7.48E-06,,
209000,7.49E-06,,
210000,7.74E-06,,
211000,7.50E-06,,
212000,7.47E-06,,
213000,7.48E-06,,
214000,7.47E-06,,
215000,7.48E-06,,
216000,7.46E-06,,
217000,7.40E-06,,
218000,7.42E-06,,
219000,7.47E-06,,
220000,7.56E-06,,
221000,7.55E-06,,
222000,7.52E-06,,
223000,7.49E-06,,
224000,7.55E-06,,
225000,7.41E-06,,
226000,7.39E-06,,
227000,7.49E-06,,
228000,7.61E-06,,
229000,7.48E-06,,
230000,0.049188,,
231000,2.85E-05,,
232000,9.22E-06,,
233000,1.27E-05,,
234000,1.16E-05,,
235000,2.21E-05,,
236000,1.62E-05,,
237000,1.33E-05,,
238000,1.21E-05,,
239000,7.87E-06,,
240000,7.38E-06,,
241000,7.61E-06,,
242000,7.24E-06,,
243000,7.41E-06,,
244000,7.16E-06,,
245000,8.05E-06,,
246000,6.84E-06,,
247000,7.74E-06,,
248000,7.21E-06,,
249000,7.51E-06,,
250000,7.60E-06,,
251000,7.28E-06,,
252000,6.84E-06,,
253000,7.02E-06,,
254000,6.87E-06,,
255000,7.12E-06,,
256000,7.09E-06,,
257000,7.07E-06,,
258000,6.94E-06,,
259000,7.50E-06,,
260000,7.67E-06,,
261000,7.04E-06,,
262000,8.51E-06,,
263000,7.49E-06,,
264000,7.51E-06,,
265000,7.54E-06,,
266000,7.27E-06,,
267000,7.11E-06,,
268000,7.49E-06,,
269000,7.62E-06,,
270000,7.77E-06,,
271000,2.75E-05,,
272000,7.52E-06,,
273000,7.57E-06,,
274000,7.63E-06,,
275000,7.47E-06,,
276000,7.60E-06,,
277000,7.68E-06,,
278000,7.63E-06,,
279000,7.59E-06,,
280000,7.93E-06,,
281000,7.54E-06,,
282000,7.56E-06,,
283000,7.64E-06,,
284000,7.52E-06,,
285000,7.57E-06,,
286000,7.51E-06,,
287000,7.68E-06,,
288000,7.65E-06,,
289000,7.66E-06,,
290000,7.93E-06,,
291000,7.67E-06,,
292000,7.67E-06,,
293000,7.71E-06,,
294000,7.73E-06,,
295000,1.96E-05,,
296000,8.06E-06,,
297000,7.88E-06,,
298000,1.40E-05,,
299000,7.91E-06,,
300000,7.98E-06,,
301000,7.94E-06,,
302000,7.72E-06,,
303000,7.84E-06,,
304000,7.90E-06,,
305000,7.83E-06,,
306000,7.82E-06,,
307000,7.71E-06,,
308000,7.83E-06,,
309000,7.83E-06,,
310000,0.0527582,,
311000,1.49E-05,,
312000,1.64E-05,,
313000,1.15E-05,,
314000,8.51E-06,,
315000,1.21E-05,,
316000,7.81E-06,,
317000,9.45E-06,,
318000,7.77E-06,,
319000,7.32E-06,,
320000,7.46E-06,,
321000,7.45E-06,,
322000,2.46E-05,,
323000,7.97E-06,,
324000,7.73E-06,,
325000,7.99E-06,,
326000,7.72E-06,,
327000,7.39E-06,,
328000,8.04E-06,,
329000,8.34E-06,,
330000,8.02E-06,,
331000,1.60E-05,,
332000,8.44E-06,,
333000,1.26E-05,,
334000,2.53E-05,,
335000,1.59E-05,,
336000,1.60E-05,,
337000,1.54E-05,,
338000,1.62E-05,,
339000,1.59E-05,,
340000,1.65E-05,,
341000,1.61E-05,,
342000,1.62E-05,,
343000,1.57E-05,,
344000,1.60E-05,,
345000,1.60E-05,,
346000,1.66E-05,,
347000,1.62E-05,,
348000,1.61E-05,,
349000,1.64E-05,,
350000,1.63E-05,,
351000,1.63E-05,,
352000,1.62E-05,,
353000,1.63E-05,,
354000,1.64E-05,,
355000,1.57E-05,,
356000,1.73E-05,,
357000,1.63E-05,,
358000,2.24E-05,,
359000,1.56E-05,,
360000,1.67E-05,,
361000,1.64E-05,,
362000,1.64E-05,,
363000,1.63E-05,,
364000,1.64E-05,,
365000,1.63E-05,,
366000,1.63E-05,,
367000,1.62E-05,,
368000,1.65E-05,,
369000,1.65E-05,,
370000,1.67E-05,,
371000,1.64E-05,,
372000,1.64E-05,,
373000,1.65E-05,,
374000,1.64E-05,,
375000,1.65E-05,,
376000,1.64E-05,,
377000,1.65E-05,,
378000,1.64E-05,,
379000,1.66E-05,,
380000,1.64E-05,,
381000,1.63E-05,,
382000,1.64E-05,,
383000,1.66E-05,,
384000,1.63E-05,,
385000,1.63E-05,,
386000,1.65E-05,,
387000,1.66E-05,,
388000,1.67E-05,,
389000,1.29E-05,,
390000,1.75E-05,,
391000,1.66E-05,,
392000,1.68E-05,,
393000,1.64E-05,,
394000,1.26E-05,,
395000,8.56E-06,,
396000,8.67E-06,,
397000,1.23E-05,,
398000,8.79E-06,,
399000,1.61E-05,,
400000,0.0450621,,
401000,1.84E-05,,
402000,1.02E-05,,
403000,1.02E-05,,
404000,1.45E-05,,
405000,1.24E-05,,
406000,2.18E-05,,
407000,1.23E-05,,
408000,1.50E-05,,
409000,1.37E-05,,
410000,1.26E-05,,
411000,9.85E-06,,
412000,9.86E-06,,
413000,9.41E-06,,
414000,1.01E-05,,
415000,9.99E-06,,
416000,2.25E-05,,
417000,1.30E-05,,
418000,8.22E-06,,
419000,1.76E-05,,
420000,1.47E-05,,
421000,2.40E-05,,
422000,1.34E-05,,
423000,1.17E-05,,
424000,1.78E-05,,
425000,1.78E-05,,
426000,1.77E-05,,
427000,1.77E-05,,
428000,1.40E-05,,
429000,1.78E-05,,
430000,1.78E-05,,
431000,1.75E-05,,
432000,1.44E-05,,
433000,1.77E-05,,
434000,1.78E-05,,
435000,1.79E-05,,
436000,1.77E-05,,
437000,1.80E-05,,
438000,1.79E-05,,
439000,1.78E-05,,
440000,1.80E-05,,
441000,1.79E-05,,
442000,1.81E-05,,
443000,1.79E-05,,
444000,1.78E-05,,
445000,1.77E-05,,
446000,1.78E-05,,
447000,1.76E-05,,
448000,1.79E-05,,
449000,1.80E-05,,
450000,1.70E-05,,
451000,1.78E-05,,
452000,1.70E-05,,
453000,1.76E-05,,
454000,9.35E-05,,
455000,2.45E-05,,
456000,9.53E-06,,
457000,9.64E-06,,
458000,9.55E-06,,
459000,9.62E-06,,
460000,9.84E-06,,
461000,9.54E-06,,
462000,1.80E-05,,
463000,1.78E-05,,
464000,1.76E-05,,
465000,1.76E-05,,
466000,1.77E-05,,
467000,1.76E-05,,
468000,1.77E-05,,
469000,1.78E-05,,
470000,1.82E-05,,
471000,1.47E-05,,
472000,1.89E-05,,
473000,1.79E-05,,
474000,1.78E-05,,
475000,1.74E-05,,
476000,2.36E-05,,
477000,1.66E-05,,
478000,1.78E-05,,
479000,1.78E-05,,
480000,0.052141,,
481000,1.86E-05,,
482000,2.85E-05,,
483000,1.47E-05,,
484000,1.45E-05,,
485000,1.54E-05,,
486000,1.48E-05,,
487000,1.47E-05,,
488000,1.45E-05,,
489000,1.47E-05,,
490000,1.49E-05,,
491000,1.46E-05,,
492000,1.52E-05,,
493000,1.44E-05,,
494000,1.46E-05,,
495000,1.44E-05,,
496000,1.46E-05,,
497000,1.46E-05,,
498000,1.45E-05,,
499000,1.45E-05,,
500000,1.39E-05,,
501000,1.45E-05,,
502000,1.46E-05,,
503000,1.43E-05,,
504000,1.45E-05,,
505000,1.46E-05,,
506000,1.47E-05,,
507000,1.46E-05,,
508000,1.58E-05,,
509000,1.47E-05,,
510000,1.49E-05,,
511000,1.46E-05,,
512000,2.46E-05,,
513000,1.14E-05,,
514000,9.54E-06,,
515000,1.44E-05,,
516000,1.48E-05,,
517000,1.46E-05,,
518000,1.47E-05,,
519000,2.38E-05,,
520000,1.57E-05,,
521000,1.45E-05,,
522000,1.47E-05,,
523000,1.46E-05,,
524000,1.47E-05,,
525000,1.47E-05,,
526000,1.50E-05,,
527000,1.17E-05,,
528000,1.45E-05,,
529000,1.46E-05,,
530000,1.51E-05,,
531000,1.46E-05,,
532000,1.47E-05,,
533000,1.94E-05,,
534000,1.47E-05,,
535000,1.16E-05,,
536000,9.86E-06,,
537000,1.26E-05,,
538000,1.44E-05,,
539000,1.46E-05,,
540000,1.47E-05,,
541000,1.45E-05,,
542000,1.45E-05,,
543000,1.46E-05,,
544000,1.48E-05,,
545000,1.45E-05,,
546000,1.47E-05,,
547000,1.48E-05,,
548000,1.46E-05,,
549000,1.57E-05,,
550000,1.50E-05,,
551000,1.47E-05,,
552000,1.46E-05,,
553000,1.45E-05,,
554000,1.46E-05,,
555000,1.57E-05,,
556000,1.46E-05,,
557000,1.47E-05,,
558000,1.46E-05,,
559000,1.48E-05,,
560000,0.0461145,,
561000,2.50E-05,,
562000,1.94E-05,,
563000,1.88E-05,,
564000,1.87E-05,,
565000,1.97E-05,,
566000,1.55E-05,,
567000,1.85E-05,,
568000,1.84E-05,,
569000,2.79E-05,,
570000,1.55E-05,,
571000,1.88E-05,,
572000,1.89E-05,,
573000,1.86E-05,,
574000,1.88E-05,,
575000,1.86E-05,,
576000,1.87E-05,,
577000,1.87E-05,,
578000,1.88E-05,,
579000,1.87E-05,,
580000,1.89E-05,,
581000,1.87E-05,,
582000,1.86E-05,,
583000,1.43E-05,,
584000,1.03E-05,,
585000,1.87E-05,,
586000,1.82E-05,,
587000,1.88E-05,,
588000,1.92E-05,,
589000,2.94E-05,,
590000,1.44E-05,,
591000,3.67E-05,,
592000,1.63E-05,,
593000,1.04E-05,,
594000,1.42E-05,,
595000,3.01E-05,,
596000,1.81E-05,,
597000,1.79E-05,,
598000,1.82E-05,,
599000,1.81E-05,,
600000,1.82E-05,,
601000,1.81E-05,,
602000,1.83E-05,,
603000,1.81E-05,,
604000,2.90E-05,,
605000,1.73E-05,,
606000,1.71E-05,,
607000,1.70E-05,,
608000,1.74E-05,,
609000,1.67E-05,,
610000,1.74E-05,,
611000,1.72E-05,,
612000,2.11E-05,,
613000,1.71E-05,,
614000,1.76E-05,,
615000,1.72E-05,,
616000,3.70E-05,,
617000,1.21E-05,,
618000,1.62E-05,,
619000,1.61E-05,,
620000,1.60E-05,,
621000,1.59E-05,,
622000,1.61E-05,,
623000,1.60E-05,,
624000,1.59E-05,,
625000,1.60E-05,,
626000,1.60E-05,,
627000,1.64E-05,,
628000,1.63E-05,,
629000,1.60E-05,,
630000,1.63E-05,,
631000,1.59E-05,,
632000,1.60E-05,,
633000,1.61E-05,,
634000,1.58E-05,,
635000,1.61E-05,,
636000,1.59E-05,,
637000,1.61E-05,,
638000,1.40E-05,,
639000,2.14E-05,,
640000,0.0513715,,
641000,2.12E-05,,
642000,1.36E-05,,
643000,9.74E-06,,
644000,9.71E-06,,
645000,9.77E-06,,
646000,9.79E-06,,
647000,9.69E-06,,
648000,9.64E-06,,
649000,9.71E-06,,
650000,9.82E-06,,
651000,9.57E-06,,
652000,9.42E-06,,
653000,9.57E-06,,
654000,9.56E-06,,
655000,1.58E-05,,
656000,9.75E-06,,
657000,9.71E-06,,
658000,9.59E-06,,
659000,9.63E-06,,
660000,9.91E-06,,
661000,9.67E-06,,
662000,9.52E-06,,
663000,9.54E-06,,
664000,9.60E-06,,
665000,9.64E-06,,
666000,9.57E-06,,
667000,2.66E-05,,
668000,1.03E-05,,
669000,1.03E-05,,
670000,1.05E-05,,
671000,1.02E-05,,
672000,9.54E-06,,
673000,8.97E-06,,
674000,9.37E-06,,
675000,1.02E-05,,
676000,1.02E-05,,
677000,1.01E-05,,
678000,1.01E-05,,
679000,1.01E-05,,
680000,1.02E-05,,
681000,9.76E-06,,
682000,1.02E-05,,
683000,1.01E-05,,
684000,1.02E-05,,
685000,1.02E-05,,
686000,1.02E-05,,
687000,1.02E-05,,
688000,1.02E-05,,
689000,1.01E-05,,
690000,1.08E-05,,
691000,1.02E-05,,
692000,1.01E-05,,
693000,1.02E-05,,
694000,1.02E-05,,
695000,1.02E-05,,
696000,1.02E-05,,
697000,1.02E-05,,
698000,1.03E-05,,
699000,1.01E-05,,
700000,1.03E-05,,
701000,1.02E-05,,
702000,9.20E-06,,
703000,9.20E-06,,
704000,8.98E-06,,
705000,9.55E-06,,
706000,9.49E-06,,
707000,9.48E-06,,
708000,9.50E-06,,
709000,9.37E-06,,
710000,9.66E-06,,
711000,9.57E-06,,
712000,9.64E-06,,
713000,9.55E-06,,
714000,9.53E-06,,
715000,9.54E-06,,
716000,9.59E-06,,
717000,9.54E-06,,
718000,9.57E-06,,
719000,9.49E-06,,
720000,0.045595,,
721000,2.16E-05,,
722000,1.50E-05,,
723000,1.80E-05,,
724000,1.74E-05,,
725000,1.82E-05,,
726000,1.78E-05,,
727000,1.76E-05,,
728000,2.94E-05,,
729000,1.17E-05,,
730000,1.26E-05,,
731000,1.58E-05,,
732000,1.63E-05,,
733000,2.84E-05,,
734000,1.64E-05,,
735000,1.25E-05,,
736000,1.42E-05,,
737000,1.26E-05,,
738000,1.34E-05,,
739000,8.49E-06,,
740000,1.26E-05,,
741000,8.15E-06,,
742000,8.64E-06,,
743000,8.18E-06,,
744000,1.47E-05,,
745000,1.32E-05,,
746000,8.14E-06,,
747000,1.01E-05,,
748000,1.26E-05,,
749000,1.49E-05,,
750000,1.73E-05,,
751000,1.50E-05,,
752000,1.46E-05,,
753000,1.58E-05,,
754000,1.58E-05,,
755000,1.51E-05,,
756000,1.26E-05,,
757000,1.83E-05,,
758000,8.94E-06,,
759000,8.89E-06,,
760000,1.23E-05,,
761000,1.54E-05,,
762000,1.32E-05,,
763000,1.62E-05,,
764000,1.55E-05,,
765000,1.52E-05,,
766000,1.54E-05,,
767000,8.94E-06,,
768000,1.21E-05,,
769000,9.00E-06,,
770000,1.60E-05,,
771000,1.69E-05,,
772000,1.64E-05,,
773000,1.64E-05,,
774000,1.60E-05,,
775000,1.63E-05,,
776000,1.62E-05,,
777000,1.62E-05,,
778000,1.64E-05,,
779000,3.36E-05,,
780000,2.26E-05,,
781000,1.76E-05,,
782000,1.75E-05,,
783000,1.72E-05,,
784000,1.32E-05,,
785000,1.43E-05,,
786000,1.72E-05,,
787000,1.73E-05,,
788000,1.77E-05,,
789000,1.75E-05,,
790000,1.78E-05,,
791000,1.77E-05,,
792000,1.75E-05,,
793000,1.77E-05,,
794000,1.83E-05,,
795000,1.36E-05,,
796000,9.61E-06,,
797000,9.65E-06,,
798000,9.77E-06,,
799000,9.65E-06,,
800000,0.0494228,,
801000,2.08E-05,,
802000,1.40E-05,,
803000,1.34E-05,,
804000,1.44E-05,,
805000,9.99E-06,,
806000,8.99E-06,,
807000,1.16E-05,,
808000,1.12E-05,,
809000,1.27E-05,,
810000,8.99E-06,,
811000,1.74E-05,,
812000,1.58E-05,,
813000,1.51E-05,,
814000,1.61E-05,,
815000,1.61E-05,,
816000,1.62E-05,,
817000,1.63E-05,,
818000,1.69E-05,,
819000,1.73E-05,,
820000,1.66E-05,,
821000,1.66E-05,,
822000,1.61E-05,,
823000,1.58E-05,,
824000,3.35E-05,,
825000,1.74E-05,,
826000,1.74E-05,,
827000,1.73E-05,,
828000,1.73E-05,,
829000,1.80E-05,,
830000,1.74E-05,,
831000,1.75E-05,,
832000,2.80E-05,,
833000,1.66E-05,,
834000,1.35E-05,,
835000,1.37E-05,,
836000,1.60E-05,,
837000,2.23E-05,,
838000,1.68E-05,,
839000,1.39E-05,,
840000,2.76E-05,,
841000,1.22E-05,,
842000,1.59E-05,,
843000,1.65E-05,,
844000,1.34E-05,,
845000,1.60E-05,,
846000,1.66E-05,,
847000,1.64E-05,,
848000,1.36E-05,,
849000,3.37E-05,,
850000,1.71E-05,,
851000,1.73E-05,,
852000,1.74E-05,,
853000,1.68E-05,,
854000,1.76E-05,,
855000,1.74E-05,,
856000,1.69E-05,,
857000,1.75E-05,,
858000,2.67E-05,,
859000,1.04E-05,,
860000,1.79E-05,,
861000,1.43E-05,,
862000,1.44E-05,,
863000,1.71E-05,,
864000,1.69E-05,,
865000,1.46E-05,,
866000,1.87E-05,,
867000,1.46E-05,,
868000,1.69E-05,,
869000,1.47E-05,,
870000,1.76E-05,,
871000,1.36E-05,,
872000,9.87E-06,,
873000,1.21E-05,,
874000,9.98E-06,,
875000,1.39E-05,,
876000,1.76E-05,,
877000,1.75E-05,,
878000,1.74E-05,,
879000,1.44E-05,,
880000,0.0986968,,
881000,2.19E-05,,
882000,2.33E-05,,
883000,1.63E-05,,
884000,1.69E-05,,
885000,9.34E-06,,
886000,2.42E-05,,
887000,1.55E-05,,
888000,1.67E-05,,
889000,1.58E-05,,
890000,1.69E-05,,
891000,1.60E-05,,
892000,8.97E-05,,
893000,1.26E-05,,
894000,9.30E-06,,
895000,9.39E-06,,
896000,1.48E-05,,
897000,1.63E-05,,
898000,1.39E-05,,
899000,1.65E-05,,
900000,1.70E-05,,
901000,1.61E-05,,
902000,1.63E-05,,
903000,1.41E-05,,
904000,1.62E-05,,
905000,1.63E-05,,
906000,1.61E-05,,
907000,1.73E-05,,
908000,1.66E-05,,
909000,1.31E-05,,
910000,1.27E-05,,
911000,1.61E-05,,
912000,1.31E-05,,
913000,9.44E-06,,
914000,9.34E-06,,
915000,8.98E-06,,
916000,9.39E-06,,
917000,1.16E-05,,
918000,1.34E-05,,
919000,2.51E-05,,
920000,1.52E-05,,
921000,1.13E-05,,
922000,9.45E-06,,
923000,9.35E-06,,
924000,9.40E-06,,
925000,1.27E-05,,
926000,1.75E-05,,
927000,1.62E-05,,
928000,9.37E-06,,
929000,1.15E-05,,
930000,1.57E-05,,
931000,1.61E-05,,
932000,1.63E-05,,
933000,1.60E-05,,
934000,2.46E-05,,
935000,1.62E-05,,
936000,1.60E-05,,
937000,1.62E-05,,
938000,1.61E-05,,
939000,1.63E-05,,
940000,1.64E-05,,
941000,2.80E-05,,
942000,1.26E-05,,
943000,9.39E-06,,
944000,9.42E-06,,
945000,9.57E-06,,
946000,9.43E-06,,
947000,9.35E-06,,
948000,9.40E-06,,
949000,9.40E-06,,
950000,9.60E-06,,
951000,1.37E-05,,
952000,9.37E-06,,
953000,1.33E-05,,
954000,1.61E-05,,
955000,1.70E-05,,
956000,1.32E-05,,
957000,1.47E-05,,
958000,9.42E-06,,
959000,1.32E-05,,
960000,1.57E-05,,
961000,1.70E-05,,
962000,1.40E-05,,
963000,1.62E-05,,
964000,1.69E-05,,
965000,1.38E-05,,
966000,1.65E-05,,
967000,1.66E-05,,
968000,1.77E-05,,
969000,1.66E-05,,
970000,2.27E-05,,
971000,1.54E-05,,
972000,1.68E-05,,
973000,1.69E-05,,
974000,1.68E-05,,
975000,1.67E-05,,
976000,1.39E-05,,
977000,3.07E-05,,
978000,2.53E-05,,
979000,1.15E-05,,
980000,1.60E-05,,
981000,1.63E-05,,
982000,1.66E-05,,
983000,1.64E-05,,
984000,1.69E-05,,
985000,1.70E-05,,
986000,1.33E-05,,
987000,1.64E-05,,
988000,1.31E-05,,
989000,1.63E-05,,
990000,1.69E-05,,
991000,1.62E-05,,
992000,1.61E-05,,
993000,1.62E-05,,
994000,1.62E-05,,
995000,1.69E-05,,
996000,1.61E-05,,
997000,1.62E-05,,
998000,1.63E-05,,
999000,1.65E-05,,
1000000,1.71E-05,,
,,,
Interpolation Search,,,
Range , Time Taken,0,1.66E-05
1000,8.67E-06,,
2000,6.10E-06,,
3000,5.90E-06,,
4000,5.85E-06,,
5000,5.72E-06,,
6000,5.62E-06,,
7000,1.17E-05,,
8000,9.84E-06,,
9000,6.03E-06,,
10000,1.29E-05,,
11000,9.72E-06,,
12000,1.05E-05,,
13000,1.34E-05,,
14000,1.33E-05,,
15000,1.05E-05,,
16000,1.85E-05,,
17000,1.28E-05,,
18000,5.86E-06,,
19000,1.17E-05,,
20000,5.89E-06,,
21000,9.06E-06,,
22000,5.83E-06,,
23000,5.83E-06,,
24000,5.70E-06,,
25000,8.91E-06,,
26000,1.26E-05,,
27000,1.24E-05,,
28000,1.02E-05,,
29000,1.02E-05,,
30000,1.03E-05,,
31000,1.29E-05,,
32000,1.02E-05,,
33000,1.04E-05,,
34000,1.03E-05,,
35000,1.14E-05,,
36000,1.07E-05,,
37000,7.38E-06,,
38000,8.94E-06,,
39000,0.0472874,,
40000,1.88E-05,,
41000,1.26E-05,,
42000,1.41E-05,,
43000,7.81E-06,,
44000,6.34E-06,,
45000,5.40E-06,,
46000,5.74E-06,,
47000,5.50E-06,,
48000,5.65E-06,,
49000,5.56E-06,,
50000,6.08E-06,,
51000,5.51E-06,,
52000,6.12E-06,,
53000,6.01E-06,,
54000,5.60E-06,,
55000,5.44E-06,,
56000,5.56E-06,,
57000,5.60E-06,,
58000,5.42E-06,,
59000,6.01E-06,,
60000,5.88E-06,,
61000,5.61E-06,,
62000,5.17E-06,,
63000,5.28E-06,,
64000,6.13E-06,,
65000,5.47E-06,,
66000,5.43E-06,,
67000,5.58E-06,,
68000,5.73E-06,,
69000,6.09E-06,,
70000,1.61E-05,,
71000,1.49E-05,,
72000,7.06E-06,,
73000,9.11E-06,,
74000,1.23E-05,,
75000,1.21E-05,,
76000,1.21E-05,,
77000,9.84E-06,,
78000,9.20E-06,,
79000,8.21E-06,,
80000,5.93E-06,,
81000,9.13E-06,,
82000,1.22E-05,,
83000,1.22E-05,,
84000,1.20E-05,,
85000,1.22E-05,,
86000,8.91E-06,,
87000,7.99E-06,,
88000,9.15E-06,,
89000,1.22E-05,,
90000,2.33E-05,,
91000,1.25E-05,,
92000,1.31E-05,,
93000,5.94E-06,,
94000,1.25E-05,,
95000,9.41E-06,,
96000,1.21E-05,,
97000,1.22E-05,,
98000,1.20E-05,,
99000,1.24E-05,,
100000,1.20E-05,,
101000,1.22E-05,,
102000,1.24E-05,,
103000,1.21E-05,,
104000,1.19E-05,,
105000,1.21E-05,,
106000,5.69E-06,,
107000,5.54E-06,,
108000,8.63E-06,,
109000,6.09E-06,,
110000,5.79E-06,,
111000,5.53E-06,,
112000,5.73E-06,,
113000,5.40E-06,,
114000,5.79E-06,,
115000,5.92E-06,,
116000,5.66E-06,,
117000,5.84E-06,,
118000,5.44E-06,,
119000,5.59E-06,,
120000,5.89E-06,,
121000,5.44E-06,,
122000,5.81E-06,,
123000,5.55E-06,,
124000,5.42E-06,,
125000,5.47E-06,,
126000,5.38E-06,,
127000,5.35E-06,,
128000,5.50E-06,,
129000,0.0548133,,
130000,1.29E-05,,
131000,6.59E-06,,
132000,5.86E-06,,
133000,5.81E-06,,
134000,6.34E-06,,
135000,5.66E-06,,
136000,5.56E-06,,
137000,6.24E-06,,
138000,5.67E-06,,
139000,6.02E-06,,
140000,5.76E-06,,
141000,5.75E-06,,
142000,5.66E-06,,
143000,5.74E-06,,
144000,5.80E-06,,
145000,5.61E-06,,
146000,5.79E-06,,
147000,6.71E-06,,
148000,7.24E-06,,
149000,6.11E-06,,
150000,5.81E-06,,
151000,5.89E-06,,
152000,5.83E-06,,
153000,6.01E-06,,
154000,5.88E-06,,
155000,5.85E-06,,
156000,5.77E-06,,
157000,5.75E-06,,
158000,5.83E-06,,
159000,6.05E-06,,
160000,5.66E-06,,
161000,5.74E-06,,
162000,5.75E-06,,
163000,5.79E-06,,
164000,5.74E-06,,
165000,5.99E-06,,
166000,5.78E-06,,
167000,5.83E-06,,
168000,5.74E-06,,
169000,5.74E-06,,
170000,5.73E-06,,
171000,5.81E-06,,
172000,5.83E-06,,
173000,5.76E-06,,
174000,5.73E-06,,
175000,5.75E-06,,
176000,5.84E-06,,
177000,5.80E-06,,
178000,5.74E-06,,
179000,5.94E-06,,
180000,5.74E-06,,
181000,5.76E-06,,
182000,5.69E-06,,
183000,5.64E-06,,
184000,5.74E-06,,
185000,5.74E-06,,
186000,5.66E-06,,
187000,5.75E-06,,
188000,5.53E-06,,
189000,5.72E-06,,
190000,5.75E-06,,
191000,6.01E-06,,
192000,5.78E-06,,
193000,5.80E-06,,
194000,5.76E-06,,
195000,5.62E-06,,
196000,5.58E-06,,
197000,5.74E-06,,
198000,1.41E-05,,
199000,6.13E-06,,
200000,5.68E-06,,
201000,5.64E-06,,
202000,5.59E-06,,
203000,5.60E-06,,
204000,5.59E-06,,
205000,5.53E-06,,
206000,5.66E-06,,
207000,5.59E-06,,
208000,5.62E-06,,
209000,0.0444115,,
210000,1.15E-05,,
211000,6.29E-06,,
212000,2.13E-05,,
213000,5.95E-06,,
214000,9.36E-06,,
215000,1.14E-05,,
216000,9.19E-06,,
217000,5.86E-06,,
218000,5.51E-06,,
219000,6.14E-06,,
220000,6.01E-06,,
221000,5.46E-06,,
222000,5.80E-06,,
223000,5.96E-06,,
224000,1.50E-05,,
225000,1.48E-05,,
226000,9.97E-06,,
227000,1.38E-05,,
228000,6.48E-06,,
229000,1.02E-05,,
230000,5.52E-06,,
231000,9.26E-06,,
232000,5.63E-06,,
233000,5.36E-06,,
234000,5.42E-06,,
235000,5.25E-06,,
236000,5.29E-06,,
237000,1.17E-05,,
238000,9.27E-06,,
239000,1.38E-05,,
240000,1.39E-05,,
241000,1.04E-05,,
242000,1.36E-05,,
243000,1.03E-05,,
244000,1.26E-05,,
245000,1.19E-05,,
246000,1.09E-05,,
247000,1.23E-05,,
248000,1.15E-05,,
249000,1.29E-05,,
250000,1.10E-05,,
251000,1.33E-05,,
252000,1.10E-05,,
253000,1.32E-05,,
254000,1.24E-05,,
255000,1.04E-05,,
256000,1.05E-05,,
257000,1.32E-05,,
258000,1.34E-05,,
259000,6.23E-06,,
260000,1.24E-05,,
261000,1.12E-05,,
262000,1.35E-05,,
263000,1.11E-05,,
264000,1.29E-05,,
265000,1.10E-05,,
266000,1.26E-05,,
267000,9.50E-06,,
268000,1.03E-05,,
269000,3.81E-05,,
270000,1.01E-05,,
271000,9.46E-06,,
272000,8.97E-06,,
273000,1.24E-05,,
274000,1.14E-05,,
275000,1.03E-05,,
276000,1.28E-05,,
277000,1.11E-05,,
278000,1.37E-05,,
279000,1.32E-05,,
280000,1.31E-05,,
281000,1.02E-05,,
282000,2.24E-05,,
283000,1.03E-05,,
284000,1.42E-05,,
285000,1.03E-05,,
286000,1.26E-05,,
287000,1.13E-05,,
288000,1.04E-05,,
289000,0.0518043,,
290000,1.45E-05,,
291000,6.22E-06,,
292000,1.16E-05,,
293000,1.40E-05,,
294000,6.02E-06,,
295000,1.07E-05,,
296000,5.82E-06,,
297000,5.72E-06,,
298000,5.80E-06,,
299000,6.42E-06,,
300000,9.12E-06,,
301000,1.26E-05,,
302000,9.45E-06,,
303000,1.13E-05,,
304000,1.34E-05,,
305000,5.89E-06,,
306000,8.99E-06,,
307000,1.25E-05,,
308000,9.84E-06,,
309000,1.36E-05,,
310000,1.01E-05,,
311000,1.02E-05,,
312000,1.03E-05,,
313000,6.18E-06,,
314000,8.95E-06,,
315000,1.24E-05,,
316000,1.02E-05,,
317000,1.27E-05,,
318000,9.26E-06,,
319000,1.30E-05,,
320000,9.54E-06,,
321000,6.20E-06,,
322000,8.43E-06,,
323000,1.21E-05,,
324000,9.33E-06,,
325000,1.35E-05,,
326000,1.32E-05,,
327000,1.01E-05,,
328000,1.31E-05,,
329000,5.89E-06,,
330000,8.30E-06,,
331000,1.24E-05,,
332000,1.23E-05,,
333000,1.22E-05,,
334000,1.01E-05,,
335000,1.01E-05,,
336000,9.59E-06,,
337000,8.99E-06,,
338000,9.32E-06,,
339000,3.01E-05,,
340000,6.92E-06,,
341000,6.21E-06,,
342000,7.61E-06,,
343000,6.06E-06,,
344000,5.66E-06,,
345000,1.02E-05,,
346000,1.50E-05,,
347000,2.40E-05,,
348000,9.02E-06,,
349000,5.35E-06,,
350000,9.77E-06,,
351000,5.87E-06,,
352000,5.53E-06,,
353000,8.29E-06,,
354000,1.01E-05,,
355000,1.23E-05,,
356000,1.22E-05,,
357000,1.20E-05,,
358000,1.21E-05,,
359000,1.24E-05,,
360000,1.20E-05,,
361000,1.21E-05,,
362000,1.19E-05,,
363000,8.95E-06,,
364000,1.18E-05,,
365000,1.20E-05,,
366000,1.21E-05,,
367000,1.21E-05,,
368000,1.20E-05,,
369000,0.096496,,
370000,1.93E-05,,
371000,7.04E-06,,
372000,6.58E-06,,
373000,6.38E-06,,
374000,6.41E-06,,
375000,6.42E-06,,
376000,6.37E-06,,
377000,6.39E-06,,
378000,6.42E-06,,
379000,6.84E-06,,
380000,6.39E-06,,
381000,6.34E-06,,
382000,6.42E-06,,
383000,6.28E-06,,
384000,6.29E-06,,
385000,6.37E-06,,
386000,6.36E-06,,
387000,6.39E-06,,
388000,6.39E-06,,
389000,6.91E-06,,
390000,6.28E-06,,
391000,6.28E-06,,
392000,6.37E-06,,
393000,6.99E-06,,
394000,6.30E-06,,
395000,6.31E-06,,
396000,6.31E-06,,
397000,6.31E-06,,
398000,6.33E-06,,
399000,6.96E-06,,
400000,6.35E-06,,
401000,6.34E-06,,
402000,6.36E-06,,
403000,6.40E-06,,
404000,6.24E-06,,
405000,6.33E-06,,
406000,6.29E-06,,
407000,6.28E-06,,
408000,6.30E-06,,
409000,6.57E-06,,
410000,6.30E-06,,
411000,6.28E-06,,
412000,6.36E-06,,
413000,6.34E-06,,
414000,6.33E-06,,
415000,6.36E-06,,
416000,6.30E-06,,
417000,6.38E-06,,
418000,6.13E-06,,
419000,6.14E-06,,
420000,6.25E-06,,
421000,6.32E-06,,
422000,6.32E-06,,
423000,6.32E-06,,
424000,6.30E-06,,
425000,6.32E-06,,
426000,6.35E-06,,
427000,6.30E-06,,
428000,6.40E-06,,
429000,6.39E-06,,
430000,6.39E-06,,
431000,6.35E-06,,
432000,6.31E-06,,
433000,6.33E-06,,
434000,6.26E-06,,
435000,6.43E-06,,
436000,6.29E-06,,
437000,6.25E-06,,
438000,6.23E-06,,
439000,6.86E-06,,
440000,6.28E-06,,
441000,6.37E-06,,
442000,6.41E-06,,
443000,6.30E-06,,
444000,6.32E-06,,
445000,6.28E-06,,
446000,6.22E-06,,
447000,1.79E-05,,
448000,6.04E-06,,
449000,0.0494245,,
450000,1.09E-05,,
451000,6.55E-06,,
452000,6.16E-06,,
453000,6.09E-06,,
454000,6.04E-06,,
455000,6.09E-06,,
456000,8.11E-05,,
457000,1.18E-05,,
458000,6.12E-06,,
459000,1.15E-05,,
460000,6.12E-06,,
461000,6.05E-06,,
462000,5.97E-06,,
463000,5.99E-06,,
464000,5.95E-06,,
465000,1.33E-05,,
466000,9.35E-06,,
467000,1.09E-05,,
468000,1.34E-05,,
469000,1.50E-05,,
470000,1.32E-05,,
471000,9.92E-06,,
472000,1.05E-05,,
473000,1.29E-05,,
474000,1.01E-05,,
475000,1.28E-05,,
476000,1.26E-05,,
477000,1.03E-05,,
478000,1.36E-05,,
479000,1.39E-05,,
480000,1.35E-05,,
481000,1.33E-05,,
482000,1.35E-05,,
483000,1.33E-05,,
484000,1.33E-05,,
485000,1.35E-05,,
486000,1.04E-05,,
487000,1.35E-05,,
488000,1.29E-05,,
489000,1.36E-05,,
490000,1.33E-05,,
491000,1.33E-05,,
492000,1.35E-05,,
493000,1.33E-05,,
494000,1.32E-05,,
495000,1.03E-05,,
496000,1.32E-05,,
497000,2.64E-05,,
498000,1.31E-05,,
499000,1.03E-05,,
500000,4.26E-05,,
501000,1.37E-05,,
502000,1.04E-05,,
503000,1.32E-05,,
504000,1.34E-05,,
505000,1.53E-05,,
506000,7.94E-06,,
507000,9.70E-06,,
508000,1.03E-05,,
509000,1.31E-05,,
510000,1.25E-05,,
511000,1.22E-05,,
512000,1.20E-05,,
513000,1.28E-05,,
514000,1.36E-05,,
515000,1.05E-05,,
516000,1.34E-05,,
517000,1.34E-05,,
518000,1.03E-05,,
519000,1.31E-05,,
520000,5.93E-06,,
521000,9.11E-06,,
522000,6.00E-06,,
523000,5.92E-06,,
524000,8.82E-06,,
525000,1.32E-05,,
526000,1.36E-05,,
527000,1.32E-05,,
528000,1.32E-05,,
529000,1.34E-05,,
530000,1.42E-05,,
531000,1.13E-05,,
532000,1.35E-05,,
533000,1.35E-05,,
534000,1.32E-05,,
535000,1.04E-05,,
536000,1.04E-05,,
537000,1.32E-05,,
538000,1.27E-05,,
539000,1.04E-05,,
540000,1.42E-05,,
541000,1.29E-05,,
542000,1.25E-05,,
543000,1.03E-05,,
544000,1.33E-05,,
545000,1.26E-05,,
546000,1.02E-05,,
547000,1.30E-05,,
548000,1.16E-05,,
549000,1.34E-05,,
550000,1.11E-05,,
551000,1.32E-05,,
552000,1.02E-05,,
553000,1.35E-05,,
554000,1.32E-05,,
555000,1.35E-05,,
556000,1.33E-05,,
557000,1.31E-05,,
558000,1.04E-05,,
559000,1.34E-05,,
560000,1.32E-05,,
561000,1.34E-05,,
562000,1.03E-05,,
563000,1.33E-05,,
564000,1.04E-05,,
565000,1.03E-05,,
566000,9.63E-06,,
567000,1.03E-05,,
568000,2.54E-05,,
569000,1.35E-05,,
570000,1.33E-05,,
571000,1.01E-05,,
572000,1.38E-05,,
573000,1.34E-05,,
574000,1.33E-05,,
575000,1.33E-05,,
576000,1.03E-05,,
577000,1.33E-05,,
578000,1.36E-05,,
579000,1.33E-05,,
580000,1.32E-05,,
581000,1.32E-05,,
582000,1.33E-05,,
583000,1.33E-05,,
584000,1.44E-05,,
585000,1.26E-05,,
586000,1.20E-05,,
587000,1.03E-05,,
588000,1.31E-05,,
589000,1.03E-05,,
590000,1.01E-05,,
591000,1.32E-05,,
592000,1.02E-05,,
593000,1.31E-05,,
594000,1.30E-05,,
595000,1.02E-05,,
596000,1.29E-05,,
597000,1.25E-05,,
598000,1.27E-05,,
599000,1.31E-05,,
600000,1.00E-05,,
601000,1.01E-05,,
602000,9.59E-06,,
603000,8.92E-06,,
604000,9.50E-06,,
605000,9.34E-06,,
606000,9.40E-06,,
607000,9.06E-06,,
608000,1.01E-05,,
609000,0.0987349,,
610000,1.86E-05,,
611000,1.71E-05,,
612000,1.42E-05,,
613000,1.40E-05,,
614000,1.40E-05,,
615000,1.37E-05,,
616000,1.36E-05,,
617000,1.38E-05,,
618000,1.37E-05,,
619000,1.41E-05,,
620000,1.37E-05,,
621000,1.40E-05,,
622000,1.40E-05,,
623000,1.37E-05,,
624000,1.39E-05,,
625000,1.48E-05,,
626000,1.37E-05,,
627000,1.36E-05,,
628000,1.18E-05,,
629000,1.03E-05,,
630000,1.36E-05,,
631000,9.70E-06,,
632000,1.39E-05,,
633000,2.01E-05,,
634000,1.37E-05,,
635000,1.38E-05,,
636000,1.37E-05,,
637000,1.02E-05,,
638000,6.24E-06,,
639000,9.93E-06,,
640000,6.16E-06,,
641000,6.18E-06,,
642000,1.32E-05,,
643000,9.91E-06,,
644000,1.12E-05,,
645000,1.40E-05,,
646000,1.37E-05,,
647000,1.37E-05,,
648000,1.37E-05,,
649000,1.10E-05,,
650000,9.96E-06,,
651000,1.06E-05,,
652000,1.35E-05,,
653000,1.39E-05,,
654000,1.38E-05,,
655000,1.37E-05,,
656000,1.36E-05,,
657000,2.39E-05,,
658000,1.30E-05,,
659000,1.31E-05,,
660000,1.29E-05,,
661000,1.28E-05,,
662000,1.29E-05,,
663000,1.31E-05,,
664000,1.31E-05,,
665000,2.65E-05,,
666000,9.80E-06,,
667000,9.75E-06,,
668000,2.59E-05,,
669000,1.31E-05,,
670000,3.32E-05,,
671000,1.34E-05,,
672000,1.38E-05,,
673000,1.37E-05,,
674000,1.05E-05,,
675000,2.38E-05,,
676000,1.28E-05,,
677000,1.28E-05,,
678000,1.31E-05,,
679000,1.30E-05,,
680000,1.28E-05,,
681000,1.27E-05,,
682000,1.31E-05,,
683000,1.28E-05,,
684000,1.29E-05,,
685000,1.30E-05,,
686000,1.29E-05,,
687000,1.29E-05,,
688000,1.28E-05,,
689000,1.28E-05,,
690000,1.31E-05,,
691000,1.31E-05,,
692000,1.30E-05,,
693000,1.29E-05,,
694000,1.31E-05,,
695000,1.29E-05,,
696000,1.29E-05,,
697000,9.26E-06,,
698000,9.08E-06,,
699000,1.28E-05,,
700000,1.28E-05,,
701000,1.30E-05,,
702000,1.29E-05,,
703000,1.37E-05,,
704000,1.30E-05,,
705000,1.28E-05,,
706000,1.29E-05,,
707000,1.67E-05,,
708000,1.32E-05,,
709000,1.23E-05,,
710000,1.28E-05,,
711000,8.85E-06,,
712000,9.51E-06,,
713000,9.45E-06,,
714000,1.16E-05,,
715000,9.45E-06,,
716000,1.03E-05,,
717000,1.31E-05,,
718000,1.27E-05,,
719000,1.45E-05,,
720000,1.26E-05,,
721000,8.68E-06,,
722000,9.34E-06,,
723000,1.41E-05,,
724000,1.31E-05,,
725000,3.01E-05,,
726000,1.48E-05,,
727000,1.44E-05,,
728000,1.38E-05,,
729000,1.33E-05,,
730000,1.33E-05,,
731000,1.38E-05,,
732000,1.39E-05,,
733000,1.38E-05,,
734000,1.38E-05,,
735000,1.25E-05,,
736000,1.51E-05,,
737000,1.30E-05,,
738000,1.33E-05,,
739000,1.36E-05,,
740000,1.37E-05,,
741000,9.91E-06,,
742000,6.15E-06,,
743000,9.22E-06,,
744000,6.17E-06,,
745000,6.13E-06,,
746000,6.17E-06,,
747000,7.59E-06,,
748000,1.00E-05,,
749000,1.41E-05,,
750000,1.39E-05,,
751000,1.38E-05,,
752000,9.84E-06,,
753000,1.29E-05,,
754000,1.01E-05,,
755000,9.58E-06,,
756000,1.44E-05,,
757000,1.37E-05,,
758000,1.07E-05,,
759000,1.38E-05,,
760000,1.53E-05,,
761000,1.30E-05,,
762000,1.24E-05,,
763000,1.26E-05,,
764000,1.06E-05,,
765000,1.39E-05,,
766000,1.36E-05,,
767000,1.29E-05,,
768000,1.31E-05,,
769000,1.43E-05,,
770000,1.36E-05,,
771000,1.37E-05,,
772000,1.37E-05,,
773000,9.98E-06,,
774000,1.33E-05,,
775000,1.08E-05,,
776000,1.37E-05,,
777000,1.39E-05,,
778000,1.41E-05,,
779000,0.0965952,,
780000,1.36E-05,,
781000,7.23E-06,,
782000,6.40E-06,,
783000,6.35E-06,,
784000,6.23E-06,,
785000,6.17E-06,,
786000,1.29E-05,,
787000,6.69E-06,,
788000,1.60E-05,,
789000,1.05E-05,,
790000,1.40E-05,,
791000,1.36E-05,,
792000,1.47E-05,,
793000,1.50E-05,,
794000,1.36E-05,,
795000,9.52E-06,,
796000,1.01E-05,,
797000,1.39E-05,,
798000,1.39E-05,,
799000,1.41E-05,,
800000,1.97E-05,,
801000,1.41E-05,,
802000,1.41E-05,,
803000,1.41E-05,,
804000,1.41E-05,,
805000,1.38E-05,,
806000,1.39E-05,,
807000,1.37E-05,,
808000,1.38E-05,,
809000,1.41E-05,,
810000,1.38E-05,,
811000,1.40E-05,,
812000,1.38E-05,,
813000,1.01E-05,,
814000,1.77E-05,,
815000,1.41E-05,,
816000,1.40E-05,,
817000,1.40E-05,,
818000,1.42E-05,,
819000,1.70E-05,,
820000,1.40E-05,,
821000,1.39E-05,,
822000,1.04E-05,,
823000,1.03E-05,,
824000,6.36E-06,,
825000,6.27E-06,,
826000,6.22E-06,,
827000,6.14E-06,,
828000,6.08E-06,,
829000,6.45E-06,,
830000,6.38E-06,,
831000,1.37E-05,,
832000,9.45E-06,,
833000,1.01E-05,,
834000,1.61E-05,,
835000,1.04E-05,,
836000,9.56E-06,,
837000,1.45E-05,,
838000,1.41E-05,,
839000,1.44E-05,,
840000,1.41E-05,,
841000,1.41E-05,,
842000,1.40E-05,,
843000,1.42E-05,,
844000,1.41E-05,,
845000,1.41E-05,,
846000,1.39E-05,,
847000,1.45E-05,,
848000,1.42E-05,,
849000,1.45E-05,,
850000,1.41E-05,,
851000,1.40E-05,,
852000,1.38E-05,,
853000,1.36E-05,,
854000,1.49E-05,,
855000,1.07E-05,,
856000,9.73E-06,,
857000,6.45E-06,,
858000,1.32E-05,,
859000,1.03E-05,,
860000,1.39E-05,,
861000,2.14E-05,,
862000,1.43E-05,,
863000,1.38E-05,,
864000,1.01E-05,,
865000,6.37E-06,,
866000,1.33E-05,,
867000,1.35E-05,,
868000,1.00E-05,,
869000,2.54E-05,,
870000,1.37E-05,,
871000,1.39E-05,,
872000,1.39E-05,,
873000,1.37E-05,,
874000,1.40E-05,,
875000,1.38E-05,,
876000,1.40E-05,,
877000,1.39E-05,,
878000,1.38E-05,,
879000,1.42E-05,,
880000,1.40E-05,,
881000,1.38E-05,,
882000,1.39E-05,,
883000,1.41E-05,,
884000,1.51E-05,,
885000,1.41E-05,,
886000,1.41E-05,,
887000,1.40E-05,,
888000,1.42E-05,,
889000,1.41E-05,,
890000,1.42E-05,,
891000,1.40E-05,,
892000,1.42E-05,,
893000,1.39E-05,,
894000,0.000100115,,
895000,9.21E-06,,
896000,1.01E-05,,
897000,1.58E-05,,
898000,6.32E-06,,
899000,6.66E-06,,
900000,6.35E-06,,
901000,6.32E-06,,
902000,6.27E-06,,
903000,6.22E-06,,
904000,1.03E-05,,
905000,1.42E-05,,
906000,1.39E-05,,
907000,1.40E-05,,
908000,1.40E-05,,
909000,1.08E-05,,
910000,1.17E-05,,
911000,6.39E-06,,
912000,9.81E-06,,
913000,1.38E-05,,
914000,1.45E-05,,
915000,1.41E-05,,
916000,1.40E-05,,
917000,1.50E-05,,
918000,1.09E-05,,
919000,1.42E-05,,
920000,1.38E-05,,
921000,1.37E-05,,
922000,1.39E-05,,
923000,1.40E-05,,
924000,1.02E-05,,
925000,1.03E-05,,
926000,9.64E-06,,
927000,1.10E-05,,
928000,1.42E-05,,
929000,1.43E-05,,
930000,1.38E-05,,
931000,1.01E-05,,
932000,1.61E-05,,
933000,1.28E-05,,
934000,6.27E-06,,
935000,6.33E-06,,
936000,1.31E-05,,
937000,6.31E-06,,
938000,9.60E-06,,
939000,0.0511329,,
940000,1.91E-05,,
941000,1.27E-05,,
942000,1.26E-05,,
943000,1.25E-05,,
944000,1.22E-05,,
945000,1.24E-05,,
946000,1.23E-05,,
947000,1.34E-05,,
948000,1.25E-05,,
949000,1.25E-05,,
950000,1.25E-05,,
951000,1.23E-05,,
952000,1.28E-05,,
953000,1.20E-05,,
954000,1.22E-05,,
955000,1.21E-05,,
956000,1.30E-05,,
957000,1.21E-05,,
958000,1.20E-05,,
959000,1.24E-05,,
960000,1.20E-05,,
961000,1.21E-05,,
962000,1.24E-05,,
963000,1.63E-05,,
964000,1.18E-05,,
965000,1.21E-05,,
966000,1.20E-05,,
967000,9.80E-06,,
968000,1.22E-05,,
969000,1.25E-05,,
970000,1.22E-05,,
971000,1.20E-05,,
972000,1.20E-05,,
973000,1.22E-05,,
974000,1.20E-05,,
975000,1.22E-05,,
976000,2.92E-05,,
977000,1.28E-05,,
978000,1.27E-05,,
979000,1.28E-05,,
980000,1.28E-05,,
981000,1.28E-05,,
982000,1.27E-05,,
983000,1.36E-05,,
984000,1.42E-05,,
985000,1.27E-05,,
986000,1.27E-05,,
987000,2.44E-05,,
988000,1.21E-05,,
989000,1.21E-05,,
990000,1.21E-05,,
991000,1.19E-05,,
992000,1.19E-05,,
993000,9.14E-06,,
994000,1.18E-05,,
995000,6.04E-06,,
996000,5.78E-06,,
997000,2.03E-05,,
998000,1.26E-05,,
999000,9.28E-06,,
1000000,8.77E-06,,
